Bob_Gunton,24_(season_7)
Kevin_McHale_(actor),Glee_(season_1)
Mary_Lynn_Rajskub,24_(season_5)
Naya_Rivera,Glee_(season_4)
Catherine_Tate,Doctor_Who_(series_4)
Robert_Patrick,The_X-Files_(season_9)
Katherine_Heigl,Grey's_Anatomy_(season_5)
Jessica_Capshaw,Grey's_Anatomy_(season_6)
Gillian_Anderson,The_X-Files_(season_2)
Elisha_Cuthbert,24_(season_1)
Katherine_Heigl,Grey's_Anatomy_(season_6)
Alex_Kingston,Doctor_Who_(series_5)
Dana_Snyder,Aqua_Teen_Hunger_Force_Zombie_Ninja_Pro-Am
Naya_Rivera,Glee_(season_2)
Matt_Smith_(actor),Doctor_Who_(series_5)
Robert_Patrick,The_X-Files_(season_8)
Chris_Colfer,Glee_(season_3)
Colm_Feore,24_(season_7)
Alex_Kingston,Doctor_Who_(series_7)
Sarah_Gadon,Total_Drama_Island
Alex_Kingston,Doctor_Who_(series_6)
Sarah_Gadon,Total_Drama_Action
Kevin_McHale_(actor),Glee_(season_4)
Matt_Smith_(actor),Doctor_Who_(series_6)
Chandra_Wilson,Grey's_Anatomy_(season_5)
Peter_Capaldi,Doctor_Who_(series_8)
Mykelti_Williamson,24_(season_8)
Chris_Colfer,Glee_(season_2)
Mary_Lynn_Rajskub,24_(season_6)
David_Duchovny,The_X-Files_(season_1)
Mary_Lynn_Rajskub,24_(season_8)
Matt_Smith_(actor),Doctor_Who_(series_7)
Mary_Lynn_Rajskub,24_(season_7)
David_Duchovny,The_X-Files_(season_3)
Darren_Criss,Glee_(season_4)
Jayma_Mays,Glee_(season_1)
Regina_King,24_(season_6)
David_Duchovny,The_X-Files_(season_2)
David_Duchovny,The_X-Files_(season_4)
Gillian_Anderson,The_X-Files_(season_3)
Jayma_Mays,Glee_(season_2)
Elisabeth_Sladen,Doctor_Who_(series_4)
Chandra_Wilson,Grey's_Anatomy_(season_6)
Annabeth_Gish,The_X-Files_(season_9)
Paul_Schneider_(actor),Parks_and_Recreation_(season_1)
Gillian_Anderson,The_X-Files_(season_4)
Chris_Colfer,Glee_(season_4)
Chris_Colfer,Glee_(season_1)
Jayne_Atkinson,24_(season_6)
Gillian_Anderson,The_X-Files_(season_1)
Kevin_McHale_(actor),Glee_(season_2)
