sub,pred,obj,class
Accenture,keyPerson,Pierre_Nanterme,1
ACE_Limited,keyPerson,Evan_G._Greenberg,1
Aditya_Birla_Group,keyPerson,Kumar_Mangalam_Birla,1
Adobe_Systems,keyPerson,Shantanu_Narayen,1
Agenus,keyPerson,Garo_H._Armen,1
Alliance_Boots,keyPerson,Stefano_Pessina,1
Alcatel-Lucent,keyPerson,Michel_Combes,1
Alcoa,keyPerson,Klaus_Kleinfeld,1
Amazon.com,keyPerson,Jeff_Bezos,1
Advanced_Micro_Devices,keyPerson,Rory_Read,1
American_Express,keyPerson,Kenneth_Chenault,1
American_Airlines_Group,keyPerson,Doug_Parker,1
AOL,keyPerson,Tim_Armstrong_(executive),1
Apple_Inc.,keyPerson,Tim_Cook,1
ArcelorMittal,keyPerson,Lakshmi_Mittal,1
AT&T,keyPerson,Randall_L._Stephenson,1
BAE_Systems,keyPerson,Ian_King_(BAE_Systems),1
Banco_Bilbao_Vizcaya_Argentaria,keyPerson,Francisco_González_(banker),1
Bank_of_America,keyPerson,Brian_Moynihan,1
Barclays,keyPerson,Antony_Jenkins,1
Berkshire_Hathaway,keyPerson,Warren_Buffett,1
Best_Buy,keyPerson,Hubert_Joly,1
Bharti_Enterprises,keyPerson,Sunil_Mittal,1
The_Blackstone_Group,keyPerson,Stephen_A._Schwarzman,1
BHP_Billiton,keyPerson,Andrew_Mackenzie_(businessman),1
BMW,keyPerson,Norbert_Reithofer,1
Boston_Consulting_Group,keyPerson,Rich_Lesser,1
BP,keyPerson,Bob_Dudley,1
Campbell_Soup_Company,keyPerson,Denise_Morrison,1
Canonical_(company),keyPerson,Jane_Silber,1
Capital_One,keyPerson,Richard_Fairbank,1
Caterpillar_Inc.,keyPerson,Douglas_R._Oberhelman,1
Cavium,keyPerson,Syed_B._Ali,1
CBS_Corporation,keyPerson,Leslie_Moonves,1
Cisco_Systems,keyPerson,John_T._Chambers,1
Citigroup,keyPerson,Michael_Corbat,1
The_Coca-Cola_Company,keyPerson,Muhtar_Kent,1
Cognizant,keyPerson,Francisco_D'Souza,1
Comcast,keyPerson,Brian_L._Roberts,1
ConAgra_Foods,keyPerson,Gary_Rodkin,1
Crown_Worldwide_Group,keyPerson,James_E._Thompson,1
Daimler_AG,keyPerson,Dieter_Zetsche,1
Dell,keyPerson,Michael_Dell,1
Deutsche_Bank,keyPerson,Juergen_Fitschen,1
Deutsche_Bank,keyPerson,Anshu_Jain,1
Deutsche_Post,keyPerson,Frank_Appel,1
DineEquity,keyPerson,Julia_Stewart_(businesswoman),1
DLF_(company),keyPerson,Kushal_Pal_Singh,1
Kodak,keyPerson,Jeff_Clarke_(businessman),1
Airbus_Group,keyPerson,Tom_Enders,1
EBay,keyPerson,John_Donahoe,1
Electronic_Arts,keyPerson,Andrew_Wilson_(businessman),1
Ericsson,keyPerson,Hans_Vestberg,1
ExxonMobil,keyPerson,Rex_Tillerson,1
Facebook,keyPerson,Mark_Zuckerberg,1
FedEx,keyPerson,Frederick_W._Smith,1
Fidelity_Investments,keyPerson,Abigail_Johnson,1
Ford_Motor_Company,keyPerson,Mark_Fields_(businessman),1
Foxconn,keyPerson,Terry_Gou,1
FUBU,keyPerson,Daymond_John,1
General_Dynamics,keyPerson,Phebe_Novakovic,1
General_Electric,keyPerson,Jeffrey_R._Immelt,1
Gerdau,keyPerson,André_Bier_Gerdau_Johannpeter,1
GlaxoSmithKline,keyPerson,Andrew_Witty,1
Goldman_Sachs,keyPerson,Lloyd_Blankfein,1
Google,keyPerson,Larry_Page,1
GMA_Network,keyPerson,Felipe_Gozon,1
GMR_Group,keyPerson,Grandhi_Mallikarjuna_Rao,1
GVK_(conglomerate),keyPerson,Gunupati_Venkata_Krishna_Reddy,1
Mossy_Oak,keyPerson,Toxey_Haas,1
Halliburton,keyPerson,David_J._Lesar,1
HCL_Technologies,keyPerson,Anant_Gupta,1
Hewlett-Packard,keyPerson,Meg_Whitman,1
Hindalco_Industries,keyPerson,Kumar_Mangalam_Birla,1
Honeywell,keyPerson,David_M._Cote,1
HSBC,keyPerson,Stuart_Gulliver,1
IGATE,keyPerson,Ashok_Vemuri,1
IKEA,keyPerson,Mikael_Ohlsson,1
Infosys,keyPerson,Vishal_Sikka,1
Intel,keyPerson,Brian_Krzanich,1
InterCall,keyPerson,Scott_Etzler,1
J.Crew,keyPerson,Mickey_Drexler,1
Juniper_Networks,keyPerson,Kevin_Johnson_(executive),1
"Kaplan,_Inc.",keyPerson,Andrew_S._Rosen,1
Kingdom_Holding_Company,keyPerson,Al-Waleed_bin_Talal,1
Land_Securities,keyPerson,Robert_Noel_(businessman),1
Lanco_Infratech,keyPerson,Madhusudhan_Rao_Lagadapati,1
Las_Vegas_Sands,keyPerson,Sheldon_Adelson,1
Lockheed_Martin,keyPerson,Marillyn_Hewson,1
Manchester_United_F.C.,keyPerson,David_Gill_(executive),1
Mercedes-Benz,keyPerson,Dieter_Zetsche,1
Merrill_Lynch,keyPerson,John_Thain,1
MetLife,keyPerson,C._Robert_Henrikson,1
MGA_Entertainment,keyPerson,Isaac_Larian,1
Microsoft,keyPerson,Satya_Nadella,1
Mile_High_Comics,keyPerson,Chuck_Rozanski,1
Mindtree,keyPerson,Krishnakumar_Natarajan,1
Morgan_Stanley,keyPerson,James_P._Gorman,1
Motorola,keyPerson,Greg_Brown_(businessman),1
Mozilla,keyPerson,Mitchell_Baker,1
Nation_Media_Group,keyPerson,Wilfred_Kiboro,1
National_Amusements,keyPerson,Sumner_Redstone,1
NBCUniversal,keyPerson,Jeff_Zucker,1
News_Corporation,keyPerson,Rupert_Murdoch,1
NIIT,keyPerson,Vijay_K._Thadani,1
"Nike,_Inc.",keyPerson,Mark_Parker,1
Nokia,keyPerson,Rajeev_Suri,1
Nortel,keyPerson,Mike_S._Zafirovski,1
Novartis,keyPerson,Daniel_Vasella,1
Nintendo,keyPerson,Satoru_Iwata,1
Oracle_Corporation,keyPerson,Larry_Ellison,1
Global_Telecom_Holding,keyPerson,Naguib_Sawiris,1
Outback_Steakhouse,keyPerson,Chris_T._Sullivan,1
PepsiCo,keyPerson,Indra_Nooyi,1
Pizza_Hut,keyPerson,David_C._Novak,1
Playboy_Enterprises,keyPerson,Christie_Hefner,1
Ralph_Lauren_Corporation,keyPerson,Ralph_Lauren,1
"Popular,_Inc.",keyPerson,Richard_Carrión,1
Prudential_Financial,keyPerson,John_Strangfeld,1
Qantas,keyPerson,Alan_Joyce_(executive),1
Qwest,keyPerson,Richard_Notebaert,1
Reliance_Anil_Dhirubhai_Ambani_Group,keyPerson,Anil_Ambani,1
Reliance_Industries,keyPerson,Mukesh_Ambani,1
Renault,keyPerson,Carlos_Ghosn,1
Rocawear,keyPerson,Jay_Z,1
Ahold,keyPerson,John_Rishton,1
Royal_Bank_of_Canada,keyPerson,Gordon_Nixon,1
The_Royal_Bank_of_Scotland,keyPerson,Ross_McEwan,1
Royal_Dutch_Shell,keyPerson,Ben_van_Beurden,1
Saab_Automobile,keyPerson,Jan-Åke_Jonsson,1
SandRidge_Energy,keyPerson,Tom_L._Ward,1
Samsung,keyPerson,Lee_Kun-hee,1
SAP_SE,keyPerson,Bill_McDermott,1
SAS_Institute,keyPerson,James_Goodnight,1
Sbarro,keyPerson,James_J._Greco,1
Scottrade,keyPerson,Rodger_O._Riney,1
Seagate_Technology,keyPerson,Stephen_J._Luczo,1
Simon_Property_Group,keyPerson,David_Simon_(CEO),1
Singtel,keyPerson,Chua_Sock_Koong,1
Sirius_Satellite_Radio,keyPerson,Mel_Karmazin,1
Sleep_Country_Canada,keyPerson,Stephen_K._Gunn,1
SoftBank,keyPerson,Masayoshi_Son,1
Sonic_Drive-In,keyPerson,J._Clifford_Hudson,1
Sony,keyPerson,Kazuo_Hirai,1
Sony_Computer_Entertainment,keyPerson,Andrew_House,1
Starbucks,keyPerson,Howard_Schultz,1
Statoil,keyPerson,Helge_Lund,1
Sun_Hung_Kai_Properties,keyPerson,Walter_Kwok,1
Sun_Microsystems,keyPerson,Jonathan_I._Schwartz,1
Sun_Pharmaceutical,keyPerson,Dilip_Shanghvi,1
SunTrust_Banks,keyPerson,"James_M._Wells,_III",1
SuperValu_(United_States),keyPerson,Jeff_Noddle,1
Sulekha,keyPerson,Satya_Prabhakar,1
Syntel,keyPerson,Bharat_Desai,1
Target_Corporation,keyPerson,Gregg_Steinhafel,1
Tata_Consultancy_Services,keyPerson,Natarajan_Chandrasekaran,1
Telefónica,keyPerson,César_Alierta,1
Telmex,keyPerson,Carlos_Slim,1
Telstra,keyPerson,David_Thodey,1
Temasek_Holdings,keyPerson,Ho_Ching,1
Tesco,keyPerson,Philip_Clarke_(businessman),1
Tim_Hortons,keyPerson,Paul_D._House,1
Time_Warner,keyPerson,Jeff_Bewkes,1
Tod's,keyPerson,Diego_Della_Valle,1
TJX_Companies,keyPerson,Carol_Meyrowitz,1
Tracinda,keyPerson,Kirk_Kerkorian,1
The_Siegel_Group,keyPerson,Steve_Siegel,1
The_Travelers_Companies,keyPerson,Jay_S._Fishman,1
The_Trump_Organization,keyPerson,Donald_Trump,1
Toyota,keyPerson,Hiroshi_Okuda,1
Toys_for_Bob,keyPerson,Paul_Reiche_III,1
TradeKing,keyPerson,Donato_A._Montanaro,1
Turner_Broadcasting_System,keyPerson,Philip_I._Kent,1
Twitter,keyPerson,Dick_Costolo,1
UAL_Corporation,keyPerson,Glenn_Tilton,1
UBS,keyPerson,Sergio_Ermotti,1
U.S._Century_Bank,keyPerson,Octavio_Hernández,1
United_Parcel_Service,keyPerson,Scott_Davis_(businessman),1
UGI_Corporation,keyPerson,Lon_R._Greenberg,1
U.S._Steel,keyPerson,John_P._Surma,1
Valero_Energy,keyPerson,William_R._Klesse,1
Verizon_Communications,keyPerson,Lowell_McAdam,1
Viacom,keyPerson,Philippe_Dauman,1
Viking_Range,keyPerson,"Fred_Carl,_Jr.",1
Vodafone,keyPerson,Vittorio_Colao,1
Volkswagen,keyPerson,Martin_Winterkorn,1
Vulcan_Inc.,keyPerson,Paul_Allen,1
The_Walt_Disney_Company,keyPerson,Bob_Iger,1
Walgreens,keyPerson,Gregory_Wasson,1
Walmart,keyPerson,Mike_Duke,1
Warner_Bros.,keyPerson,Barry_Meyer,1
Graham_Holdings_Company,keyPerson,Donald_E._Graham,1
Wells_Fargo,keyPerson,John_Stumpf,1
Whole_Foods_Market,keyPerson,John_Mackey_(businessman),1
Williams-Sonoma,keyPerson,Laura_J._Alber,1
Winn-Dixie,keyPerson,Peter_Lynch,1
Wipro,keyPerson,T_K_Kurien,1
WWE,keyPerson,Vince_McMahon,1
Yahoo!,keyPerson,Marissa_Mayer,1
YG_Entertainment,keyPerson,Yang_Hyun-suk,1
Yum!_Brands,keyPerson,David_C._Novak,1
Accenture,keyPerson,Diego_Della_Valle,0
Accenture,keyPerson,Brian_Krzanich,0
Accenture,keyPerson,Satya_Prabhakar,0
Accenture,keyPerson,Philippe_Dauman,0
Accenture,keyPerson,Ashok_Vemuri,0
ACE_Limited,keyPerson,Walter_Kwok,0
ACE_Limited,keyPerson,Michael_Corbat,0
ACE_Limited,keyPerson,Helge_Lund,0
ACE_Limited,keyPerson,Meg_Whitman,0
ACE_Limited,keyPerson,James_Goodnight,0
Aditya_Birla_Group,keyPerson,Philippe_Dauman,0
Aditya_Birla_Group,keyPerson,Paul_Allen,0
Aditya_Birla_Group,keyPerson,C._Robert_Henrikson,0
Aditya_Birla_Group,keyPerson,Peter_Lynch,0
Aditya_Birla_Group,keyPerson,Chua_Sock_Koong,0
Adobe_Systems,keyPerson,Sunil_Mittal,0
Adobe_Systems,keyPerson,Dilip_Shanghvi,0
Adobe_Systems,keyPerson,Warren_Buffett,0
Adobe_Systems,keyPerson,Lloyd_Blankfein,0
Adobe_Systems,keyPerson,John_P._Surma,0
Agenus,keyPerson,Mitchell_Baker,0
Agenus,keyPerson,Lowell_McAdam,0
Agenus,keyPerson,"James_M._Wells,_III",0
Agenus,keyPerson,Dick_Costolo,0
Agenus,keyPerson,Stephen_K._Gunn,0
Alliance_Boots,keyPerson,Randall_L._Stephenson,0
Alliance_Boots,keyPerson,David_Thodey,0
Alliance_Boots,keyPerson,Bob_Iger,0
Alliance_Boots,keyPerson,Julia_Stewart_(businesswoman),0
Alliance_Boots,keyPerson,Frederick_W._Smith,0
Alcatel-Lucent,keyPerson,Jeff_Zucker,0
Alcatel-Lucent,keyPerson,Anshu_Jain,0
Alcatel-Lucent,keyPerson,Syed_B._Ali,0
Alcatel-Lucent,keyPerson,Larry_Page,0
Alcatel-Lucent,keyPerson,Ashok_Vemuri,0
Alcoa,keyPerson,Felipe_Gozon,0
Alcoa,keyPerson,Frederick_W._Smith,0
Alcoa,keyPerson,Sumner_Redstone,0
Amazon.com,keyPerson,Andrew_Wilson_(businessman),0
Amazon.com,keyPerson,David_M._Cote,0
Amazon.com,keyPerson,Vince_McMahon,0
Amazon.com,keyPerson,Gordon_Nixon,0
Amazon.com,keyPerson,Donald_E._Graham,0
Advanced_Micro_Devices,keyPerson,Kevin_Johnson_(executive),0
Advanced_Micro_Devices,keyPerson,Vittorio_Colao,0
Advanced_Micro_Devices,keyPerson,Chua_Sock_Koong,0
Advanced_Micro_Devices,keyPerson,Kazuo_Hirai,0
Advanced_Micro_Devices,keyPerson,Muhtar_Kent,0
American_Express,keyPerson,Kevin_Johnson_(executive),0
American_Express,keyPerson,Bob_Iger,0
American_Express,keyPerson,T_K_Kurien,0
American_Express,keyPerson,Rodger_O._Riney,0
American_Express,keyPerson,Meg_Whitman,0
American_Airlines_Group,keyPerson,Jay_S._Fishman,0
American_Airlines_Group,keyPerson,Jeff_Zucker,0
American_Airlines_Group,keyPerson,Mike_S._Zafirovski,0
American_Airlines_Group,keyPerson,Francisco_González_(banker),0
American_Airlines_Group,keyPerson,Satya_Nadella,0
AOL,keyPerson,Meg_Whitman,0
AOL,keyPerson,César_Alierta,0
AOL,keyPerson,Rex_Tillerson,0
AOL,keyPerson,John_Rishton,0
AOL,keyPerson,Diego_Della_Valle,0
Apple_Inc.,keyPerson,Chris_T._Sullivan,0
Apple_Inc.,keyPerson,Andrew_Witty,0
Apple_Inc.,keyPerson,Daniel_Vasella,0
Apple_Inc.,keyPerson,John_Donahoe,0
Apple_Inc.,keyPerson,Gunupati_Venkata_Krishna_Reddy,0
ArcelorMittal,keyPerson,Richard_Carrión,0
ArcelorMittal,keyPerson,Klaus_Kleinfeld,0
ArcelorMittal,keyPerson,Mitchell_Baker,0
ArcelorMittal,keyPerson,Richard_Notebaert,0
ArcelorMittal,keyPerson,David_Simon_(CEO),0
AT&T,keyPerson,Doug_Parker,0
AT&T,keyPerson,Norbert_Reithofer,0
AT&T,keyPerson,Philippe_Dauman,0
AT&T,keyPerson,David_Thodey,0
AT&T,keyPerson,Martin_Winterkorn,0
BAE_Systems,keyPerson,Satoru_Iwata,0
BAE_Systems,keyPerson,Satya_Nadella,0
BAE_Systems,keyPerson,John_Strangfeld,0
BAE_Systems,keyPerson,Brian_Krzanich,0
BAE_Systems,keyPerson,Indra_Nooyi,0
Banco_Bilbao_Vizcaya_Argentaria,keyPerson,Ben_van_Beurden,0
Banco_Bilbao_Vizcaya_Argentaria,keyPerson,Jeffrey_R._Immelt,0
Banco_Bilbao_Vizcaya_Argentaria,keyPerson,Syed_B._Ali,0
Banco_Bilbao_Vizcaya_Argentaria,keyPerson,Terry_Gou,0
Banco_Bilbao_Vizcaya_Argentaria,keyPerson,Ross_McEwan,0
Bank_of_America,keyPerson,Rajeev_Suri,0
Bank_of_America,keyPerson,Paul_Allen,0
Bank_of_America,keyPerson,André_Bier_Gerdau_Johannpeter,0
Bank_of_America,keyPerson,John_Rishton,0
Bank_of_America,keyPerson,Daymond_John,0
Barclays,keyPerson,Tom_Enders,0
Barclays,keyPerson,David_J._Lesar,0
Barclays,keyPerson,Isaac_Larian,0
Barclays,keyPerson,Stephen_K._Gunn,0
Barclays,keyPerson,Al-Waleed_bin_Talal,0
Berkshire_Hathaway,keyPerson,Mikael_Ohlsson,0
Berkshire_Hathaway,keyPerson,Ralph_Lauren,0
Berkshire_Hathaway,keyPerson,Kenneth_Chenault,0
Berkshire_Hathaway,keyPerson,Brian_Moynihan,0
Berkshire_Hathaway,keyPerson,James_J._Greco,0
Best_Buy,keyPerson,Ross_McEwan,0
Best_Buy,keyPerson,Steve_Siegel,0
Best_Buy,keyPerson,Denise_Morrison,0
Best_Buy,keyPerson,Natarajan_Chandrasekaran,0
Best_Buy,keyPerson,Frederick_W._Smith,0
Bharti_Enterprises,keyPerson,Lakshmi_Mittal,0
Bharti_Enterprises,keyPerson,Wilfred_Kiboro,0
Bharti_Enterprises,keyPerson,Glenn_Tilton,0
Bharti_Enterprises,keyPerson,Jeff_Zucker,0
Bharti_Enterprises,keyPerson,Antony_Jenkins,0
The_Blackstone_Group,keyPerson,Carol_Meyrowitz,0
The_Blackstone_Group,keyPerson,Gregg_Steinhafel,0
The_Blackstone_Group,keyPerson,Denise_Morrison,0
The_Blackstone_Group,keyPerson,John_Donahoe,0
The_Blackstone_Group,keyPerson,Natarajan_Chandrasekaran,0
BHP_Billiton,keyPerson,"James_M._Wells,_III",0
BHP_Billiton,keyPerson,Alan_Joyce_(executive),0
BHP_Billiton,keyPerson,Ho_Ching,0
BHP_Billiton,keyPerson,David_Thodey,0
BHP_Billiton,keyPerson,T_K_Kurien,0
BMW,keyPerson,Tim_Armstrong_(executive),0
BMW,keyPerson,John_Thain,0
BMW,keyPerson,Dick_Costolo,0
BMW,keyPerson,Philippe_Dauman,0
BMW,keyPerson,Walter_Kwok,0
Boston_Consulting_Group,keyPerson,John_Mackey_(businessman),0
Boston_Consulting_Group,keyPerson,Denise_Morrison,0
Boston_Consulting_Group,keyPerson,Chuck_Rozanski,0
Boston_Consulting_Group,keyPerson,Andrew_House,0
BP,keyPerson,Vittorio_Colao,0
BP,keyPerson,John_Rishton,0
BP,keyPerson,Daniel_Vasella,0
BP,keyPerson,Hans_Vestberg,0
BP,keyPerson,Vishal_Sikka,0
Campbell_Soup_Company,keyPerson,Norbert_Reithofer,0
Campbell_Soup_Company,keyPerson,Jeffrey_R._Immelt,0
Campbell_Soup_Company,keyPerson,John_Mackey_(businessman),0
Campbell_Soup_Company,keyPerson,Robert_Noel_(businessman),0
Campbell_Soup_Company,keyPerson,Ian_King_(BAE_Systems),0
Canonical_(company),keyPerson,Indra_Nooyi,0
Canonical_(company),keyPerson,Christie_Hefner,0
Canonical_(company),keyPerson,Scott_Etzler,0
Canonical_(company),keyPerson,Grandhi_Mallikarjuna_Rao,0
Canonical_(company),keyPerson,Lloyd_Blankfein,0
Capital_One,keyPerson,Ashok_Vemuri,0
Capital_One,keyPerson,John_Stumpf,0
Capital_One,keyPerson,Brian_L._Roberts,0
Capital_One,keyPerson,Denise_Morrison,0
Capital_One,keyPerson,Rory_Read,0
Caterpillar_Inc.,keyPerson,Scott_Davis_(businessman),0
Caterpillar_Inc.,keyPerson,Vittorio_Colao,0
Caterpillar_Inc.,keyPerson,Muhtar_Kent,0
Caterpillar_Inc.,keyPerson,Donald_Trump,0
Caterpillar_Inc.,keyPerson,Stephen_K._Gunn,0
Cavium,keyPerson,Klaus_Kleinfeld,0
Cavium,keyPerson,Mark_Fields_(businessman),0
Cavium,keyPerson,Gregg_Steinhafel,0
Cavium,keyPerson,Sunil_Mittal,0
CBS_Corporation,keyPerson,David_Gill_(executive),0
CBS_Corporation,keyPerson,Sumner_Redstone,0
CBS_Corporation,keyPerson,Christie_Hefner,0
CBS_Corporation,keyPerson,John_Thain,0
CBS_Corporation,keyPerson,Muhtar_Kent,0
Cisco_Systems,keyPerson,Dick_Costolo,0
Cisco_Systems,keyPerson,Christie_Hefner,0
Cisco_Systems,keyPerson,Ho_Ching,0
Cisco_Systems,keyPerson,Jeff_Zucker,0
Cisco_Systems,keyPerson,James_J._Greco,0
Citigroup,keyPerson,Ashok_Vemuri,0
Citigroup,keyPerson,Andrew_Witty,0
Citigroup,keyPerson,Randall_L._Stephenson,0
Citigroup,keyPerson,Norbert_Reithofer,0
Citigroup,keyPerson,Mel_Karmazin,0
The_Coca-Cola_Company,keyPerson,John_Donahoe,0
The_Coca-Cola_Company,keyPerson,Naguib_Sawiris,0
The_Coca-Cola_Company,keyPerson,Larry_Ellison,0
The_Coca-Cola_Company,keyPerson,Carlos_Slim,0
The_Coca-Cola_Company,keyPerson,Stephen_K._Gunn,0
Cognizant,keyPerson,Gunupati_Venkata_Krishna_Reddy,0
Cognizant,keyPerson,Norbert_Reithofer,0
Cognizant,keyPerson,Philip_Clarke_(businessman),0
Cognizant,keyPerson,James_J._Greco,0
Cognizant,keyPerson,Kumar_Mangalam_Birla,0
Comcast,keyPerson,Vishal_Sikka,0
Comcast,keyPerson,Donald_Trump,0
Comcast,keyPerson,Natarajan_Chandrasekaran,0
Comcast,keyPerson,Dilip_Shanghvi,0
Comcast,keyPerson,Stuart_Gulliver,0
ConAgra_Foods,keyPerson,Satoru_Iwata,0
ConAgra_Foods,keyPerson,Bob_Iger,0
ConAgra_Foods,keyPerson,Hans_Vestberg,0
ConAgra_Foods,keyPerson,Mark_Zuckerberg,0
ConAgra_Foods,keyPerson,Meg_Whitman,0
Crown_Worldwide_Group,keyPerson,Ben_van_Beurden,0
Crown_Worldwide_Group,keyPerson,Antony_Jenkins,0
Crown_Worldwide_Group,keyPerson,Mukesh_Ambani,0
Crown_Worldwide_Group,keyPerson,Jay_Z,0
Crown_Worldwide_Group,keyPerson,Sergio_Ermotti,0
Daimler_AG,keyPerson,"James_M._Wells,_III",0
Daimler_AG,keyPerson,Laura_J._Alber,0
Daimler_AG,keyPerson,Dick_Costolo,0
Daimler_AG,keyPerson,Jeff_Zucker,0
Daimler_AG,keyPerson,Kazuo_Hirai,0
Dell,keyPerson,Sergio_Ermotti,0
Dell,keyPerson,Paul_Allen,0
Dell,keyPerson,Jeffrey_R._Immelt,0
Dell,keyPerson,Rory_Read,0
Deutsche_Bank,keyPerson,Al-Waleed_bin_Talal,0
Deutsche_Bank,keyPerson,Diego_Della_Valle,0
Deutsche_Bank,keyPerson,James_Goodnight,0
Deutsche_Bank,keyPerson,Bharat_Desai,0
Deutsche_Bank,keyPerson,Mickey_Drexler,0
Deutsche_Bank,keyPerson,Mickey_Drexler,0
Deutsche_Bank,keyPerson,Frederick_W._Smith,0
Deutsche_Bank,keyPerson,Rupert_Murdoch,0
Deutsche_Bank,keyPerson,Jonathan_I._Schwartz,0
Deutsche_Bank,keyPerson,Paul_D._House,0
Deutsche_Post,keyPerson,Grandhi_Mallikarjuna_Rao,0
Deutsche_Post,keyPerson,"James_M._Wells,_III",0
Deutsche_Post,keyPerson,Scott_Etzler,0
Deutsche_Post,keyPerson,Francisco_González_(banker),0
DineEquity,keyPerson,Marillyn_Hewson,0
DineEquity,keyPerson,Felipe_Gozon,0
DineEquity,keyPerson,Vishal_Sikka,0
DineEquity,keyPerson,Sheldon_Adelson,0
DineEquity,keyPerson,Jane_Silber,0
DLF_(company),keyPerson,Julia_Stewart_(businesswoman),0
DLF_(company),keyPerson,Alan_Joyce_(executive),0
DLF_(company),keyPerson,James_J._Greco,0
DLF_(company),keyPerson,Natarajan_Chandrasekaran,0
DLF_(company),keyPerson,David_Simon_(CEO),0
Kodak,keyPerson,Carlos_Ghosn,0
Kodak,keyPerson,Al-Waleed_bin_Talal,0
Kodak,keyPerson,Kushal_Pal_Singh,0
Kodak,keyPerson,Jeff_Noddle,0
Kodak,keyPerson,David_J._Lesar,0
Airbus_Group,keyPerson,Lloyd_Blankfein,0
Airbus_Group,keyPerson,C._Robert_Henrikson,0
Airbus_Group,keyPerson,William_R._Klesse,0
Airbus_Group,keyPerson,Lee_Kun-hee,0
Airbus_Group,keyPerson,Sergio_Ermotti,0
EBay,keyPerson,Daniel_Vasella,0
EBay,keyPerson,Glenn_Tilton,0
EBay,keyPerson,Jane_Silber,0
EBay,keyPerson,Anil_Ambani,0
EBay,keyPerson,Donald_Trump,0
Electronic_Arts,keyPerson,Hiroshi_Okuda,0
Electronic_Arts,keyPerson,Jonathan_I._Schwartz,0
Electronic_Arts,keyPerson,Pierre_Nanterme,0
Electronic_Arts,keyPerson,Douglas_R._Oberhelman,0
Electronic_Arts,keyPerson,David_C._Novak,0
Ericsson,keyPerson,César_Alierta,0
Ericsson,keyPerson,Mike_S._Zafirovski,0
Ericsson,keyPerson,Madhusudhan_Rao_Lagadapati,0
Ericsson,keyPerson,Stephen_K._Gunn,0
Ericsson,keyPerson,John_T._Chambers,0
ExxonMobil,keyPerson,Christie_Hefner,0
ExxonMobil,keyPerson,Scott_Etzler,0
ExxonMobil,keyPerson,John_Thain,0
ExxonMobil,keyPerson,Mark_Zuckerberg,0
ExxonMobil,keyPerson,Barry_Meyer,0
Facebook,keyPerson,Pierre_Nanterme,0
Facebook,keyPerson,Jan-Åke_Jonsson,0
Facebook,keyPerson,John_Strangfeld,0
Facebook,keyPerson,Kumar_Mangalam_Birla,0
Facebook,keyPerson,Krishnakumar_Natarajan,0
FedEx,keyPerson,"Fred_Carl,_Jr.",0
FedEx,keyPerson,Satoru_Iwata,0
FedEx,keyPerson,Evan_G._Greenberg,0
FedEx,keyPerson,James_J._Greco,0
FedEx,keyPerson,Mike_S._Zafirovski,0
Fidelity_Investments,keyPerson,Hans_Vestberg,0
Fidelity_Investments,keyPerson,Jay_S._Fishman,0
Fidelity_Investments,keyPerson,André_Bier_Gerdau_Johannpeter,0
Fidelity_Investments,keyPerson,Mel_Karmazin,0
Ford_Motor_Company,keyPerson,Gregory_Wasson,0
Ford_Motor_Company,keyPerson,Meg_Whitman,0
Ford_Motor_Company,keyPerson,Tom_Enders,0
Ford_Motor_Company,keyPerson,Grandhi_Mallikarjuna_Rao,0
Ford_Motor_Company,keyPerson,Sheldon_Adelson,0
Foxconn,keyPerson,John_Donahoe,0
Foxconn,keyPerson,James_P._Gorman,0
Foxconn,keyPerson,Jonathan_I._Schwartz,0
Foxconn,keyPerson,Stuart_Gulliver,0
Foxconn,keyPerson,Mike_Duke,0
FUBU,keyPerson,Rupert_Murdoch,0
FUBU,keyPerson,Terry_Gou,0
FUBU,keyPerson,Donato_A._Montanaro,0
FUBU,keyPerson,Gordon_Nixon,0
FUBU,keyPerson,Stephen_A._Schwarzman,0
General_Dynamics,keyPerson,Christie_Hefner,0
General_Dynamics,keyPerson,Julia_Stewart_(businesswoman),0
General_Dynamics,keyPerson,Masayoshi_Son,0
General_Dynamics,keyPerson,Terry_Gou,0
General_Dynamics,keyPerson,John_P._Surma,0
General_Electric,keyPerson,James_P._Gorman,0
General_Electric,keyPerson,Stephen_A._Schwarzman,0
General_Electric,keyPerson,Jan-Åke_Jonsson,0
General_Electric,keyPerson,Donato_A._Montanaro,0
General_Electric,keyPerson,Yang_Hyun-suk,0
Gerdau,keyPerson,Mikael_Ohlsson,0
Gerdau,keyPerson,David_C._Novak,0
Gerdau,keyPerson,Rupert_Murdoch,0
Gerdau,keyPerson,Chua_Sock_Koong,0
Gerdau,keyPerson,Chris_T._Sullivan,0
GlaxoSmithKline,keyPerson,Rex_Tillerson,0
GlaxoSmithKline,keyPerson,Bob_Dudley,0
GlaxoSmithKline,keyPerson,Abigail_Johnson,0
GlaxoSmithKline,keyPerson,Satya_Nadella,0
GlaxoSmithKline,keyPerson,Martin_Winterkorn,0
Goldman_Sachs,keyPerson,César_Alierta,0
Goldman_Sachs,keyPerson,Kevin_Johnson_(executive),0
Goldman_Sachs,keyPerson,Helge_Lund,0
Goldman_Sachs,keyPerson,Dieter_Zetsche,0
Goldman_Sachs,keyPerson,Steve_Siegel,0
Google,keyPerson,Brian_L._Roberts,0
Google,keyPerson,Michael_Corbat,0
Google,keyPerson,John_Donahoe,0
Google,keyPerson,Peter_Lynch,0
Google,keyPerson,Michael_Dell,0
GMA_Network,keyPerson,Anshu_Jain,0
GMA_Network,keyPerson,C._Robert_Henrikson,0
GMA_Network,keyPerson,John_Strangfeld,0
GMA_Network,keyPerson,Mickey_Drexler,0
GMA_Network,keyPerson,Frank_Appel,0
GMR_Group,keyPerson,Rupert_Murdoch,0
GMR_Group,keyPerson,Andrew_Wilson_(businessman),0
GMR_Group,keyPerson,Stephen_K._Gunn,0
GMR_Group,keyPerson,Jeff_Bezos,0
GMR_Group,keyPerson,Norbert_Reithofer,0
GVK_(conglomerate),keyPerson,Al-Waleed_bin_Talal,0
GVK_(conglomerate),keyPerson,Mark_Fields_(businessman),0
GVK_(conglomerate),keyPerson,Stefano_Pessina,0
GVK_(conglomerate),keyPerson,Richard_Carrión,0
GVK_(conglomerate),keyPerson,Michel_Combes,0
Mossy_Oak,keyPerson,Isaac_Larian,0
Mossy_Oak,keyPerson,Mikael_Ohlsson,0
Mossy_Oak,keyPerson,John_Mackey_(businessman),0
Mossy_Oak,keyPerson,Phebe_Novakovic,0
Mossy_Oak,keyPerson,Gordon_Nixon,0
Halliburton,keyPerson,Tim_Cook,0
Halliburton,keyPerson,Ralph_Lauren,0
Halliburton,keyPerson,Lowell_McAdam,0
Halliburton,keyPerson,Gunupati_Venkata_Krishna_Reddy,0
Halliburton,keyPerson,Meg_Whitman,0
HCL_Technologies,keyPerson,Andrew_Witty,0
HCL_Technologies,keyPerson,Mukesh_Ambani,0
HCL_Technologies,keyPerson,Paul_Allen,0
HCL_Technologies,keyPerson,David_J._Lesar,0
HCL_Technologies,keyPerson,Jeff_Bewkes,0
Hewlett-Packard,keyPerson,Tim_Armstrong_(executive),0
Hewlett-Packard,keyPerson,Vittorio_Colao,0
Hewlett-Packard,keyPerson,Julia_Stewart_(businesswoman),0
Hewlett-Packard,keyPerson,Lee_Kun-hee,0
Hewlett-Packard,keyPerson,Tim_Cook,0
Hindalco_Industries,keyPerson,Abigail_Johnson,0
Hindalco_Industries,keyPerson,Chris_T._Sullivan,0
Hindalco_Industries,keyPerson,Brian_L._Roberts,0
Hindalco_Industries,keyPerson,James_P._Gorman,0
Hindalco_Industries,keyPerson,C._Robert_Henrikson,0
Honeywell,keyPerson,John_Thain,0
Honeywell,keyPerson,Walter_Kwok,0
Honeywell,keyPerson,Yang_Hyun-suk,0
Honeywell,keyPerson,Lee_Kun-hee,0
Honeywell,keyPerson,"Fred_Carl,_Jr.",0
HSBC,keyPerson,Sumner_Redstone,0
HSBC,keyPerson,Richard_Notebaert,0
HSBC,keyPerson,Rich_Lesser,0
HSBC,keyPerson,Frederick_W._Smith,0
HSBC,keyPerson,Gregory_Wasson,0
IGATE,keyPerson,Kazuo_Hirai,0
IGATE,keyPerson,Lakshmi_Mittal,0
IGATE,keyPerson,Daniel_Vasella,0
IGATE,keyPerson,John_Stumpf,0
IGATE,keyPerson,Michel_Combes,0
IKEA,keyPerson,Carlos_Slim,0
IKEA,keyPerson,Hubert_Joly,0
IKEA,keyPerson,Tim_Armstrong_(executive),0
IKEA,keyPerson,Kushal_Pal_Singh,0
IKEA,keyPerson,John_P._Surma,0
Infosys,keyPerson,Philip_Clarke_(businessman),0
Infosys,keyPerson,Jeff_Clarke_(businessman),0
Infosys,keyPerson,Anshu_Jain,0
Infosys,keyPerson,Stephen_J._Luczo,0
Infosys,keyPerson,Robert_Noel_(businessman),0
Intel,keyPerson,Paul_Reiche_III,0
Intel,keyPerson,Anil_Ambani,0
Intel,keyPerson,Mukesh_Ambani,0
Intel,keyPerson,Octavio_Hernández,0
Intel,keyPerson,Brian_Moynihan,0
InterCall,keyPerson,Gunupati_Venkata_Krishna_Reddy,0
InterCall,keyPerson,Grandhi_Mallikarjuna_Rao,0
InterCall,keyPerson,David_Thodey,0
InterCall,keyPerson,Syed_B._Ali,0
InterCall,keyPerson,Martin_Winterkorn,0
J.Crew,keyPerson,Rex_Tillerson,0
J.Crew,keyPerson,Bob_Iger,0
J.Crew,keyPerson,David_Simon_(CEO),0
J.Crew,keyPerson,Sunil_Mittal,0
Juniper_Networks,keyPerson,Muhtar_Kent,0
Juniper_Networks,keyPerson,John_Strangfeld,0
Juniper_Networks,keyPerson,Anant_Gupta,0
Juniper_Networks,keyPerson,Howard_Schultz,0
Juniper_Networks,keyPerson,Bob_Dudley,0
"Kaplan,_Inc.",keyPerson,Peter_Lynch,0
"Kaplan,_Inc.",keyPerson,Ashok_Vemuri,0
"Kaplan,_Inc.",keyPerson,Jay_S._Fishman,0
"Kaplan,_Inc.",keyPerson,Mikael_Ohlsson,0
"Kaplan,_Inc.",keyPerson,David_Simon_(CEO),0
Kingdom_Holding_Company,keyPerson,Madhusudhan_Rao_Lagadapati,0
Kingdom_Holding_Company,keyPerson,Ralph_Lauren,0
Kingdom_Holding_Company,keyPerson,Philip_I._Kent,0
Kingdom_Holding_Company,keyPerson,Tim_Armstrong_(executive),0
Kingdom_Holding_Company,keyPerson,Sergio_Ermotti,0
Land_Securities,keyPerson,Andrew_S._Rosen,0
Land_Securities,keyPerson,Philippe_Dauman,0
Land_Securities,keyPerson,Alan_Joyce_(executive),0
Land_Securities,keyPerson,Anil_Ambani,0
Land_Securities,keyPerson,Walter_Kwok,0
Lanco_Infratech,keyPerson,Norbert_Reithofer,0
Lanco_Infratech,keyPerson,Glenn_Tilton,0
Lanco_Infratech,keyPerson,Jane_Silber,0
Lanco_Infratech,keyPerson,John_Thain,0
Lanco_Infratech,keyPerson,Phebe_Novakovic,0
Las_Vegas_Sands,keyPerson,Jonathan_I._Schwartz,0
Las_Vegas_Sands,keyPerson,Lowell_McAdam,0
Las_Vegas_Sands,keyPerson,Anant_Gupta,0
Las_Vegas_Sands,keyPerson,Kushal_Pal_Singh,0
Las_Vegas_Sands,keyPerson,John_Stumpf,0
Lockheed_Martin,keyPerson,Vittorio_Colao,0
Lockheed_Martin,keyPerson,Rodger_O._Riney,0
Lockheed_Martin,keyPerson,André_Bier_Gerdau_Johannpeter,0
Lockheed_Martin,keyPerson,Grandhi_Mallikarjuna_Rao,0
Lockheed_Martin,keyPerson,Satya_Nadella,0
Manchester_United_F.C.,keyPerson,Chuck_Rozanski,0
Manchester_United_F.C.,keyPerson,Mark_Parker,0
Manchester_United_F.C.,keyPerson,Krishnakumar_Natarajan,0
Manchester_United_F.C.,keyPerson,Rory_Read,0
Manchester_United_F.C.,keyPerson,Andrew_S._Rosen,0
Mercedes-Benz,keyPerson,Toxey_Haas,0
Mercedes-Benz,keyPerson,Jeff_Zucker,0
Mercedes-Benz,keyPerson,Gregory_Wasson,0
Mercedes-Benz,keyPerson,Natarajan_Chandrasekaran,0
Mercedes-Benz,keyPerson,Gregg_Steinhafel,0
Merrill_Lynch,keyPerson,Masayoshi_Son,0
Merrill_Lynch,keyPerson,Naguib_Sawiris,0
Merrill_Lynch,keyPerson,Howard_Schultz,0
Merrill_Lynch,keyPerson,John_T._Chambers,0
Merrill_Lynch,keyPerson,Marissa_Mayer,0
MetLife,keyPerson,Laura_J._Alber,0
MetLife,keyPerson,Syed_B._Ali,0
MetLife,keyPerson,Garo_H._Armen,0
MetLife,keyPerson,Scott_Davis_(businessman),0
MetLife,keyPerson,Andrew_Mackenzie_(businessman),0
MGA_Entertainment,keyPerson,Klaus_Kleinfeld,0
MGA_Entertainment,keyPerson,Octavio_Hernández,0
MGA_Entertainment,keyPerson,Larry_Ellison,0
MGA_Entertainment,keyPerson,David_Gill_(executive),0
MGA_Entertainment,keyPerson,Carlos_Ghosn,0
Microsoft,keyPerson,Mitchell_Baker,0
Microsoft,keyPerson,Bob_Iger,0
Microsoft,keyPerson,Vince_McMahon,0
Microsoft,keyPerson,Daniel_Vasella,0
Microsoft,keyPerson,Greg_Brown_(businessman),0
Mile_High_Comics,keyPerson,Jeff_Bewkes,0
Mile_High_Comics,keyPerson,Warren_Buffett,0
Mile_High_Comics,keyPerson,Stefano_Pessina,0
Mile_High_Comics,keyPerson,David_Gill_(executive),0
Mile_High_Comics,keyPerson,Brian_L._Roberts,0
Mindtree,keyPerson,Walter_Kwok,0
Mindtree,keyPerson,Gregg_Steinhafel,0
Mindtree,keyPerson,Marillyn_Hewson,0
Mindtree,keyPerson,Mark_Fields_(businessman),0
Mindtree,keyPerson,Jeff_Noddle,0
Morgan_Stanley,keyPerson,Syed_B._Ali,0
Morgan_Stanley,keyPerson,Denise_Morrison,0
Morgan_Stanley,keyPerson,John_Stumpf,0
Morgan_Stanley,keyPerson,Andrew_Witty,0
Morgan_Stanley,keyPerson,Paul_D._House,0
Motorola,keyPerson,Ben_van_Beurden,0
Motorola,keyPerson,Randall_L._Stephenson,0
Motorola,keyPerson,Lowell_McAdam,0
Motorola,keyPerson,Philippe_Dauman,0
Motorola,keyPerson,Philip_Clarke_(businessman),0
Mozilla,keyPerson,Chuck_Rozanski,0
Mozilla,keyPerson,Anant_Gupta,0
Mozilla,keyPerson,Philippe_Dauman,0
Mozilla,keyPerson,Satya_Prabhakar,0
Mozilla,keyPerson,Dilip_Shanghvi,0
Nation_Media_Group,keyPerson,Muhtar_Kent,0
Nation_Media_Group,keyPerson,Sunil_Mittal,0
Nation_Media_Group,keyPerson,Stefano_Pessina,0
Nation_Media_Group,keyPerson,Julia_Stewart_(businesswoman),0
Nation_Media_Group,keyPerson,Scott_Davis_(businessman),0
National_Amusements,keyPerson,James_E._Thompson,0
National_Amusements,keyPerson,André_Bier_Gerdau_Johannpeter,0
National_Amusements,keyPerson,Natarajan_Chandrasekaran,0
National_Amusements,keyPerson,Carlos_Slim,0
National_Amusements,keyPerson,Rodger_O._Riney,0
NBCUniversal,keyPerson,Lon_R._Greenberg,0
NBCUniversal,keyPerson,Anshu_Jain,0
NBCUniversal,keyPerson,Chua_Sock_Koong,0
NBCUniversal,keyPerson,Tom_L._Ward,0
NBCUniversal,keyPerson,Walter_Kwok,0
News_Corporation,keyPerson,Frank_Appel,0
News_Corporation,keyPerson,Andrew_S._Rosen,0
News_Corporation,keyPerson,Mark_Zuckerberg,0
News_Corporation,keyPerson,Jay_S._Fishman,0
News_Corporation,keyPerson,Larry_Ellison,0
NIIT,keyPerson,Mel_Karmazin,0
NIIT,keyPerson,Lakshmi_Mittal,0
NIIT,keyPerson,Ross_McEwan,0
NIIT,keyPerson,Satoru_Iwata,0
"Nike,_Inc.",keyPerson,David_C._Novak,0
"Nike,_Inc.",keyPerson,John_Stumpf,0
"Nike,_Inc.",keyPerson,J._Clifford_Hudson,0
"Nike,_Inc.",keyPerson,Marissa_Mayer,0
"Nike,_Inc.",keyPerson,Rex_Tillerson,0
Nokia,keyPerson,Masayoshi_Son,0
Nokia,keyPerson,Evan_G._Greenberg,0
Nokia,keyPerson,David_Gill_(executive),0
Nokia,keyPerson,Donald_Trump,0
Nokia,keyPerson,Andrew_Mackenzie_(businessman),0
Nortel,keyPerson,David_J._Lesar,0
Nortel,keyPerson,Warren_Buffett,0
Nortel,keyPerson,Lee_Kun-hee,0
Nortel,keyPerson,Mickey_Drexler,0
Nortel,keyPerson,Hubert_Joly,0
Novartis,keyPerson,César_Alierta,0
Novartis,keyPerson,Tom_Enders,0
Novartis,keyPerson,Vijay_K._Thadani,0
Novartis,keyPerson,Michael_Dell,0
Novartis,keyPerson,Carlos_Ghosn,0
Nintendo,keyPerson,Martin_Winterkorn,0
Nintendo,keyPerson,Christie_Hefner,0
Nintendo,keyPerson,Pierre_Nanterme,0
Nintendo,keyPerson,Juergen_Fitschen,0
Nintendo,keyPerson,Lee_Kun-hee,0
Office_Depot,keyPerson,Tim_Cook,0
Office_Depot,keyPerson,Anshu_Jain,0
Office_Depot,keyPerson,John_T._Chambers,0
Office_Depot,keyPerson,Jeffrey_R._Immelt,0
Office_Depot,keyPerson,James_J._Greco,0
Oracle_Corporation,keyPerson,Francisco_González_(banker),0
Oracle_Corporation,keyPerson,Muhtar_Kent,0
Oracle_Corporation,keyPerson,Isaac_Larian,0
Oracle_Corporation,keyPerson,Carlos_Ghosn,0
Oracle_Corporation,keyPerson,John_Stumpf,0
Global_Telecom_Holding,keyPerson,Donald_Trump,0
Global_Telecom_Holding,keyPerson,Muhtar_Kent,0
Global_Telecom_Holding,keyPerson,Mikael_Ohlsson,0
Global_Telecom_Holding,keyPerson,John_T._Chambers,0
Global_Telecom_Holding,keyPerson,Laura_J._Alber,0
Outback_Steakhouse,keyPerson,Scott_Etzler,0
Outback_Steakhouse,keyPerson,Tom_L._Ward,0
Outback_Steakhouse,keyPerson,Dieter_Zetsche,0
Outback_Steakhouse,keyPerson,Howard_Schultz,0
Outback_Steakhouse,keyPerson,Diego_Della_Valle,0
PepsiCo,keyPerson,Mukesh_Ambani,0
PepsiCo,keyPerson,Kevin_Johnson_(executive),0
PepsiCo,keyPerson,Lon_R._Greenberg,0
PepsiCo,keyPerson,Bharat_Desai,0
Pfizer,keyPerson,Al-Waleed_bin_Talal,0
Pfizer,keyPerson,Rupert_Murdoch,0
Pfizer,keyPerson,Frederick_W._Smith,0
Pfizer,keyPerson,Andrew_S._Rosen,0
Pfizer,keyPerson,Alan_Joyce_(executive),0
Pizza_Hut,keyPerson,Ian_King_(BAE_Systems),0
Pizza_Hut,keyPerson,Jay_S._Fishman,0
Pizza_Hut,keyPerson,Lee_Kun-hee,0
Pizza_Hut,keyPerson,Michael_Dell,0
Pizza_Hut,keyPerson,Francisco_D'Souza,0
Playboy_Enterprises,keyPerson,Evan_G._Greenberg,0
Playboy_Enterprises,keyPerson,Meg_Whitman,0
Playboy_Enterprises,keyPerson,Masayoshi_Son,0
Playboy_Enterprises,keyPerson,Ian_King_(BAE_Systems),0
Playboy_Enterprises,keyPerson,Dilip_Shanghvi,0
Ralph_Lauren_Corporation,keyPerson,J._Clifford_Hudson,0
Ralph_Lauren_Corporation,keyPerson,Mukesh_Ambani,0
Ralph_Lauren_Corporation,keyPerson,Diego_Della_Valle,0
Ralph_Lauren_Corporation,keyPerson,Stefano_Pessina,0
Ralph_Lauren_Corporation,keyPerson,Andrew_Mackenzie_(businessman),0
"Popular,_Inc.",keyPerson,Anil_Ambani,0
"Popular,_Inc.",keyPerson,Hiroshi_Okuda,0
"Popular,_Inc.",keyPerson,Andrew_Wilson_(businessman),0
"Popular,_Inc.",keyPerson,James_J._Greco,0
Prudential_Financial,keyPerson,Larry_Page,0
Prudential_Financial,keyPerson,Paul_Reiche_III,0
Prudential_Financial,keyPerson,David_C._Novak,0
Prudential_Financial,keyPerson,Steve_Siegel,0
Prudential_Financial,keyPerson,Jeffrey_R._Immelt,0
Qantas,keyPerson,Lowell_McAdam,0
Qantas,keyPerson,Octavio_Hernández,0
Qantas,keyPerson,Scott_Davis_(businessman),0
Qantas,keyPerson,David_Gill_(executive),0
Qantas,keyPerson,Stephen_J._Luczo,0
Qwest,keyPerson,Sergio_Ermotti,0
Qwest,keyPerson,Carol_Meyrowitz,0
Qwest,keyPerson,Kirk_Kerkorian,0
Qwest,keyPerson,Douglas_R._Oberhelman,0
Qwest,keyPerson,Al-Waleed_bin_Talal,0
Reliance_Anil_Dhirubhai_Ambani_Group,keyPerson,Masayoshi_Son,0
Reliance_Anil_Dhirubhai_Ambani_Group,keyPerson,Andrew_S._Rosen,0
Reliance_Anil_Dhirubhai_Ambani_Group,keyPerson,Rupert_Murdoch,0
Reliance_Anil_Dhirubhai_Ambani_Group,keyPerson,Richard_Carrión,0
Reliance_Anil_Dhirubhai_Ambani_Group,keyPerson,Bob_Iger,0
Reliance_Industries,keyPerson,Phebe_Novakovic,0
Reliance_Industries,keyPerson,Lowell_McAdam,0
Reliance_Industries,keyPerson,Mike_S._Zafirovski,0
Reliance_Industries,keyPerson,Ian_King_(BAE_Systems),0
Reliance_Industries,keyPerson,John_Strangfeld,0
Renault,keyPerson,Toxey_Haas,0
Renault,keyPerson,Grandhi_Mallikarjuna_Rao,0
Renault,keyPerson,Naguib_Sawiris,0
Renault,keyPerson,Bob_Iger,0
Renault,keyPerson,Kevin_Johnson_(executive),0
Rocawear,keyPerson,Abigail_Johnson,0
Rocawear,keyPerson,William_R._Klesse,0
Rocawear,keyPerson,Stephen_K._Gunn,0
Rocawear,keyPerson,Glenn_Tilton,0
Rocawear,keyPerson,Masayoshi_Son,0
Ahold,keyPerson,Frank_Appel,0
Ahold,keyPerson,Mickey_Drexler,0
Ahold,keyPerson,Lon_R._Greenberg,0
Ahold,keyPerson,Mark_Parker,0
Royal_Bank_of_Canada,keyPerson,Douglas_R._Oberhelman,0
Royal_Bank_of_Canada,keyPerson,Paul_D._House,0
Royal_Bank_of_Canada,keyPerson,Bob_Iger,0
Royal_Bank_of_Canada,keyPerson,"James_M._Wells,_III",0
The_Royal_Bank_of_Scotland,keyPerson,Brian_Moynihan,0
The_Royal_Bank_of_Scotland,keyPerson,Marillyn_Hewson,0
The_Royal_Bank_of_Scotland,keyPerson,Rupert_Murdoch,0
The_Royal_Bank_of_Scotland,keyPerson,Mike_S._Zafirovski,0
The_Royal_Bank_of_Scotland,keyPerson,Satoru_Iwata,0
Royal_Dutch_Shell,keyPerson,Jeff_Bezos,0
Royal_Dutch_Shell,keyPerson,Mark_Parker,0
Royal_Dutch_Shell,keyPerson,Lon_R._Greenberg,0
Royal_Dutch_Shell,keyPerson,Andrew_Witty,0
Royal_Dutch_Shell,keyPerson,Syed_B._Ali,0
Saab_Automobile,keyPerson,Daymond_John,0
Saab_Automobile,keyPerson,David_Thodey,0
Saab_Automobile,keyPerson,Mike_S._Zafirovski,0
Saab_Automobile,keyPerson,Vittorio_Colao,0
Saab_Automobile,keyPerson,Robert_Noel_(businessman),0
SandRidge_Energy,keyPerson,Richard_Fairbank,0
SandRidge_Energy,keyPerson,Tom_Enders,0
SandRidge_Energy,keyPerson,Stefano_Pessina,0
SandRidge_Energy,keyPerson,Vittorio_Colao,0
SandRidge_Energy,keyPerson,Peter_Lynch,0
Samsung,keyPerson,Anshu_Jain,0
Samsung,keyPerson,Juergen_Fitschen,0
Samsung,keyPerson,Scott_Etzler,0
Samsung,keyPerson,Walter_Kwok,0
Samsung,keyPerson,Sergio_Ermotti,0
SAP_SE,keyPerson,Greg_Brown_(businessman),0
SAP_SE,keyPerson,Ian_King_(BAE_Systems),0
SAP_SE,keyPerson,Andrew_S._Rosen,0
SAP_SE,keyPerson,Terry_Gou,0
SAP_SE,keyPerson,Michael_Corbat,0
SAS_Institute,keyPerson,Stuart_Gulliver,0
SAS_Institute,keyPerson,"James_M._Wells,_III",0
SAS_Institute,keyPerson,Jan-Åke_Jonsson,0
SAS_Institute,keyPerson,Satya_Nadella,0
SAS_Institute,keyPerson,Vijay_K._Thadani,0
Sbarro,keyPerson,Phebe_Novakovic,0
Sbarro,keyPerson,Chris_T._Sullivan,0
Sbarro,keyPerson,Terry_Gou,0
Sbarro,keyPerson,Grandhi_Mallikarjuna_Rao,0
Sbarro,keyPerson,Dilip_Shanghvi,0
Scottrade,keyPerson,Martin_Winterkorn,0
Scottrade,keyPerson,Masayoshi_Son,0
Scottrade,keyPerson,Gunupati_Venkata_Krishna_Reddy,0
Scottrade,keyPerson,Steve_Siegel,0
Scottrade,keyPerson,Tom_L._Ward,0
Seagate_Technology,keyPerson,Donato_A._Montanaro,0
Seagate_Technology,keyPerson,Gordon_Nixon,0
Seagate_Technology,keyPerson,Gunupati_Venkata_Krishna_Reddy,0
Seagate_Technology,keyPerson,Hubert_Joly,0
Seagate_Technology,keyPerson,Vishal_Sikka,0
Simon_Property_Group,keyPerson,Abigail_Johnson,0
Simon_Property_Group,keyPerson,Kumar_Mangalam_Birla,0
Simon_Property_Group,keyPerson,Philip_Clarke_(businessman),0
Simon_Property_Group,keyPerson,Jeff_Bewkes,0
Simon_Property_Group,keyPerson,Antony_Jenkins,0
Singtel,keyPerson,Mark_Fields_(businessman),0
Singtel,keyPerson,Helge_Lund,0
Singtel,keyPerson,Sumner_Redstone,0
Singtel,keyPerson,Mitchell_Baker,0
Singtel,keyPerson,Sergio_Ermotti,0
Sirius_Satellite_Radio,keyPerson,Hans_Vestberg,0
Sirius_Satellite_Radio,keyPerson,Bill_McDermott,0
Sirius_Satellite_Radio,keyPerson,Jay_Z,0
Sirius_Satellite_Radio,keyPerson,Carlos_Ghosn,0
Sirius_Satellite_Radio,keyPerson,Jay_S._Fishman,0
Sleep_Country_Canada,keyPerson,Satya_Nadella,0
Sleep_Country_Canada,keyPerson,James_J._Greco,0
Sleep_Country_Canada,keyPerson,Naguib_Sawiris,0
Sleep_Country_Canada,keyPerson,Shantanu_Narayen,0
Sleep_Country_Canada,keyPerson,Mickey_Drexler,0
SoftBank,keyPerson,Kazuo_Hirai,0
SoftBank,keyPerson,Grandhi_Mallikarjuna_Rao,0
SoftBank,keyPerson,Evan_G._Greenberg,0
SoftBank,keyPerson,Hans_Vestberg,0
SoftBank,keyPerson,Mikael_Ohlsson,0
Southwest_Airlines,keyPerson,Yang_Hyun-suk,0
Southwest_Airlines,keyPerson,Philip_Clarke_(businessman),0
Southwest_Airlines,keyPerson,Mike_Duke,0
Southwest_Airlines,keyPerson,Grandhi_Mallikarjuna_Rao,0
Southwest_Airlines,keyPerson,Steve_Siegel,0
Sonic_Drive-In,keyPerson,Donato_A._Montanaro,0
Sonic_Drive-In,keyPerson,Gunupati_Venkata_Krishna_Reddy,0
Sonic_Drive-In,keyPerson,Larry_Page,0
Sonic_Drive-In,keyPerson,James_Goodnight,0
Sonic_Drive-In,keyPerson,David_Thodey,0
Sony,keyPerson,James_E._Thompson,0
Sony,keyPerson,Carlos_Ghosn,0
Sony,keyPerson,Carol_Meyrowitz,0
Sony,keyPerson,Kumar_Mangalam_Birla,0
Sony,keyPerson,Tim_Armstrong_(executive),0
Sony_Computer_Entertainment,keyPerson,J._Clifford_Hudson,0
Sony_Computer_Entertainment,keyPerson,Jeff_Bezos,0
Sony_Computer_Entertainment,keyPerson,Gunupati_Venkata_Krishna_Reddy,0
Sony_Computer_Entertainment,keyPerson,Frank_Appel,0
Starbucks,keyPerson,Dieter_Zetsche,0
Starbucks,keyPerson,Mike_S._Zafirovski,0
Starbucks,keyPerson,Bob_Iger,0
Starbucks,keyPerson,Andrew_Witty,0
Starbucks,keyPerson,Denise_Morrison,0
Statoil,keyPerson,Lon_R._Greenberg,0
Statoil,keyPerson,Juergen_Fitschen,0
Statoil,keyPerson,Jonathan_I._Schwartz,0
Statoil,keyPerson,Muhtar_Kent,0
Statoil,keyPerson,Jan-Åke_Jonsson,0
Sun_Hung_Kai_Properties,keyPerson,Toxey_Haas,0
Sun_Hung_Kai_Properties,keyPerson,Scott_Davis_(businessman),0
Sun_Hung_Kai_Properties,keyPerson,Antony_Jenkins,0
Sun_Hung_Kai_Properties,keyPerson,Pierre_Nanterme,0
Sun_Hung_Kai_Properties,keyPerson,Alan_Joyce_(executive),0
Sun_Microsystems,keyPerson,Ho_Ching,0
Sun_Microsystems,keyPerson,John_Stumpf,0
Sun_Microsystems,keyPerson,Isaac_Larian,0
Sun_Microsystems,keyPerson,Stephen_J._Luczo,0
Sun_Microsystems,keyPerson,Jeffrey_R._Immelt,0
Sun_Pharmaceutical,keyPerson,John_T._Chambers,0
Sun_Pharmaceutical,keyPerson,Bill_McDermott,0
Sun_Pharmaceutical,keyPerson,Richard_Notebaert,0
Sun_Pharmaceutical,keyPerson,Tom_L._Ward,0
Sun_Pharmaceutical,keyPerson,Rajeev_Suri,0
SunTrust_Banks,keyPerson,Daymond_John,0
SunTrust_Banks,keyPerson,Donald_Trump,0
SunTrust_Banks,keyPerson,Greg_Brown_(businessman),0
SunTrust_Banks,keyPerson,John_Strangfeld,0
SuperValu_(United_States),keyPerson,Mitchell_Baker,0
SuperValu_(United_States),keyPerson,Phebe_Novakovic,0
SuperValu_(United_States),keyPerson,Al-Waleed_bin_Talal,0
SuperValu_(United_States),keyPerson,Jan-Åke_Jonsson,0
SuperValu_(United_States),keyPerson,Sergio_Ermotti,0
Sulekha,keyPerson,Francisco_González_(banker),0
Sulekha,keyPerson,Jeffrey_R._Immelt,0
Sulekha,keyPerson,Hiroshi_Okuda,0
Sulekha,keyPerson,Mikael_Ohlsson,0
Sulekha,keyPerson,Paul_D._House,0
Syntel,keyPerson,Gregory_Wasson,0
Syntel,keyPerson,Scott_Etzler,0
Syntel,keyPerson,Octavio_Hernández,0
Syntel,keyPerson,Mike_Duke,0
Syntel,keyPerson,Ho_Ching,0
Target_Corporation,keyPerson,Rupert_Murdoch,0
Target_Corporation,keyPerson,Stefano_Pessina,0
Target_Corporation,keyPerson,Kumar_Mangalam_Birla,0
Target_Corporation,keyPerson,Francisco_D'Souza,0
Target_Corporation,keyPerson,Anshu_Jain,0
Tata_Consultancy_Services,keyPerson,John_Rishton,0
Tata_Consultancy_Services,keyPerson,Jay_Z,0
Tata_Consultancy_Services,keyPerson,Mike_Duke,0
Tata_Consultancy_Services,keyPerson,Marissa_Mayer,0
Tata_Consultancy_Services,keyPerson,Satoru_Iwata,0
Telefónica,keyPerson,Vince_McMahon,0
Telefónica,keyPerson,Garo_H._Armen,0
Telefónica,keyPerson,Philippe_Dauman,0
Telefónica,keyPerson,Ho_Ching,0
Telefónica,keyPerson,Diego_Della_Valle,0
Telmex,keyPerson,Lon_R._Greenberg,0
Telmex,keyPerson,Lee_Kun-hee,0
Telmex,keyPerson,John_Donahoe,0
Telmex,keyPerson,Rajeev_Suri,0
Telmex,keyPerson,Masayoshi_Son,0
Telstra,keyPerson,David_M._Cote,0
Telstra,keyPerson,Francisco_D'Souza,0
Telstra,keyPerson,John_P._Surma,0
Telstra,keyPerson,Jeff_Noddle,0
Telstra,keyPerson,Mel_Karmazin,0
Temasek_Holdings,keyPerson,Dick_Costolo,0
Temasek_Holdings,keyPerson,Daniel_Vasella,0
Temasek_Holdings,keyPerson,David_Thodey,0
Temasek_Holdings,keyPerson,Sergio_Ermotti,0
Temasek_Holdings,keyPerson,Scott_Davis_(businessman),0
Tesco,keyPerson,Andrew_S._Rosen,0
Tesco,keyPerson,Kevin_Johnson_(executive),0
Tesco,keyPerson,Michel_Combes,0
Tesco,keyPerson,Brian_Moynihan,0
Tesco,keyPerson,James_E._Thompson,0
Tim_Hortons,keyPerson,Frank_Appel,0
Tim_Hortons,keyPerson,Satoru_Iwata,0
Tim_Hortons,keyPerson,Dilip_Shanghvi,0
Tim_Hortons,keyPerson,Isaac_Larian,0
Tim_Hortons,keyPerson,Larry_Page,0
Time_Warner,keyPerson,Stuart_Gulliver,0
Time_Warner,keyPerson,Rajeev_Suri,0
Time_Warner,keyPerson,Stefano_Pessina,0
Time_Warner,keyPerson,Larry_Ellison,0
Time_Warner,keyPerson,Marillyn_Hewson,0
Tod's,keyPerson,Denise_Morrison,0
Tod's,keyPerson,Howard_Schultz,0
Tod's,keyPerson,Carlos_Slim,0
Tod's,keyPerson,Norbert_Reithofer,0
Tod's,keyPerson,Rory_Read,0
TJX_Companies,keyPerson,Vishal_Sikka,0
TJX_Companies,keyPerson,Donald_Trump,0
TJX_Companies,keyPerson,Rodger_O._Riney,0
TJX_Companies,keyPerson,Syed_B._Ali,0
TJX_Companies,keyPerson,Juergen_Fitschen,0
Tracinda,keyPerson,Jeff_Clarke_(businessman),0
Tracinda,keyPerson,David_M._Cote,0
Tracinda,keyPerson,Gunupati_Venkata_Krishna_Reddy,0
Tracinda,keyPerson,Klaus_Kleinfeld,0
Tracinda,keyPerson,John_P._Surma,0
The_Siegel_Group,keyPerson,Scott_Davis_(businessman),0
The_Siegel_Group,keyPerson,Rich_Lesser,0
The_Siegel_Group,keyPerson,David_M._Cote,0
The_Siegel_Group,keyPerson,Al-Waleed_bin_Talal,0
The_Siegel_Group,keyPerson,Diego_Della_Valle,0
The_Travelers_Companies,keyPerson,Syed_B._Ali,0
The_Travelers_Companies,keyPerson,Bob_Iger,0
The_Travelers_Companies,keyPerson,Philip_I._Kent,0
The_Travelers_Companies,keyPerson,Mikael_Ohlsson,0
The_Travelers_Companies,keyPerson,John_Thain,0
The_Trump_Organization,keyPerson,Paul_Allen,0
The_Trump_Organization,keyPerson,Ralph_Lauren,0
The_Trump_Organization,keyPerson,Evan_G._Greenberg,0
The_Trump_Organization,keyPerson,William_R._Klesse,0
Toyota,keyPerson,Kevin_Johnson_(executive),0
Toyota,keyPerson,J._Clifford_Hudson,0
Toyota,keyPerson,Muhtar_Kent,0
Toyota,keyPerson,Jeff_Bewkes,0
Toyota,keyPerson,Shantanu_Narayen,0
Toys_for_Bob,keyPerson,Daniel_Vasella,0
Toys_for_Bob,keyPerson,Natarajan_Chandrasekaran,0
Toys_for_Bob,keyPerson,Felipe_Gozon,0
Toys_for_Bob,keyPerson,Jeff_Noddle,0
TradeKing,keyPerson,Andrew_Witty,0
TradeKing,keyPerson,William_R._Klesse,0
TradeKing,keyPerson,"Fred_Carl,_Jr.",0
TradeKing,keyPerson,Rex_Tillerson,0
TradeKing,keyPerson,Philip_Clarke_(businessman),0
Turner_Broadcasting_System,keyPerson,Stephen_K._Gunn,0
Turner_Broadcasting_System,keyPerson,Evan_G._Greenberg,0
Turner_Broadcasting_System,keyPerson,J._Clifford_Hudson,0
Turner_Broadcasting_System,keyPerson,Stephen_A._Schwarzman,0
Turner_Broadcasting_System,keyPerson,Daniel_Vasella,0
Twitter,keyPerson,Leslie_Moonves,0
Twitter,keyPerson,Carol_Meyrowitz,0
Twitter,keyPerson,Barry_Meyer,0
Twitter,keyPerson,Daniel_Vasella,0
Twitter,keyPerson,Donald_Trump,0
UAL_Corporation,keyPerson,Jeff_Bezos,0
UAL_Corporation,keyPerson,Rex_Tillerson,0
UAL_Corporation,keyPerson,Vittorio_Colao,0
UAL_Corporation,keyPerson,Terry_Gou,0
UBS,keyPerson,Phebe_Novakovic,0
UBS,keyPerson,"James_M._Wells,_III",0
UBS,keyPerson,Dieter_Zetsche,0
UBS,keyPerson,Richard_Carrión,0
UBS,keyPerson,Martin_Winterkorn,0
U.S._Century_Bank,keyPerson,Frederick_W._Smith,0
U.S._Century_Bank,keyPerson,Alan_Joyce_(executive),0
U.S._Century_Bank,keyPerson,Larry_Page,0
U.S._Century_Bank,keyPerson,James_J._Greco,0
U.S._Century_Bank,keyPerson,Andrew_Mackenzie_(businessman),0
United_Parcel_Service,keyPerson,Chris_T._Sullivan,0
United_Parcel_Service,keyPerson,Stephen_J._Luczo,0
United_Parcel_Service,keyPerson,Jane_Silber,0
United_Parcel_Service,keyPerson,John_Rishton,0
United_Parcel_Service,keyPerson,Abigail_Johnson,0
UGI_Corporation,keyPerson,Ben_van_Beurden,0
UGI_Corporation,keyPerson,C._Robert_Henrikson,0
UGI_Corporation,keyPerson,James_Goodnight,0
UGI_Corporation,keyPerson,Gregory_Wasson,0
UGI_Corporation,keyPerson,Rich_Lesser,0
U.S._Steel,keyPerson,Jay_Z,0
U.S._Steel,keyPerson,Marillyn_Hewson,0
U.S._Steel,keyPerson,Krishnakumar_Natarajan,0
U.S._Steel,keyPerson,Abigail_Johnson,0
U.S._Steel,keyPerson,Muhtar_Kent,0
Valero_Energy,keyPerson,Bob_Dudley,0
Valero_Energy,keyPerson,Jonathan_I._Schwartz,0
Valero_Energy,keyPerson,Daymond_John,0
Valero_Energy,keyPerson,T_K_Kurien,0
Valero_Energy,keyPerson,Ho_Ching,0
Verizon_Communications,keyPerson,T_K_Kurien,0
Verizon_Communications,keyPerson,Anant_Gupta,0
Verizon_Communications,keyPerson,Gordon_Nixon,0
Verizon_Communications,keyPerson,Scott_Davis_(businessman),0
Verizon_Communications,keyPerson,Satya_Nadella,0
Viacom,keyPerson,Mike_Duke,0
Viacom,keyPerson,Sumner_Redstone,0
Viacom,keyPerson,James_E._Thompson,0
Viacom,keyPerson,Peter_Lynch,0
Viacom,keyPerson,James_Goodnight,0
Viking_Range,keyPerson,Donald_E._Graham,0
Viking_Range,keyPerson,Brian_Moynihan,0
Viking_Range,keyPerson,James_J._Greco,0
Viking_Range,keyPerson,Randall_L._Stephenson,0
Viking_Range,keyPerson,Lloyd_Blankfein,0
Vodafone,keyPerson,John_Donahoe,0
Vodafone,keyPerson,Helge_Lund,0
Vodafone,keyPerson,Chuck_Rozanski,0
Vodafone,keyPerson,Donato_A._Montanaro,0
Vodafone,keyPerson,John_Strangfeld,0
Volkswagen,keyPerson,Naguib_Sawiris,0
Volkswagen,keyPerson,Andrew_Wilson_(businessman),0
Volkswagen,keyPerson,Jeff_Clarke_(businessman),0
Volkswagen,keyPerson,Rich_Lesser,0
Volkswagen,keyPerson,John_Stumpf,0
Vulcan_Inc.,keyPerson,Scott_Etzler,0
Vulcan_Inc.,keyPerson,Satoru_Iwata,0
Vulcan_Inc.,keyPerson,John_Rishton,0
Vulcan_Inc.,keyPerson,John_Thain,0
Vulcan_Inc.,keyPerson,Chua_Sock_Koong,0
The_Walt_Disney_Company,keyPerson,Kirk_Kerkorian,0
The_Walt_Disney_Company,keyPerson,Satya_Prabhakar,0
The_Walt_Disney_Company,keyPerson,Paul_D._House,0
The_Walt_Disney_Company,keyPerson,Philip_I._Kent,0
The_Walt_Disney_Company,keyPerson,Antony_Jenkins,0
Walgreens,keyPerson,Rajeev_Suri,0
Walgreens,keyPerson,Sumner_Redstone,0
Walgreens,keyPerson,Ross_McEwan,0
Walgreens,keyPerson,Antony_Jenkins,0
Walgreens,keyPerson,Kumar_Mangalam_Birla,0
Walmart,keyPerson,Satoru_Iwata,0
Walmart,keyPerson,Jonathan_I._Schwartz,0
Walmart,keyPerson,Ian_King_(BAE_Systems),0
Walmart,keyPerson,Chris_T._Sullivan,0
Walmart,keyPerson,Carlos_Ghosn,0
Warner_Bros.,keyPerson,Doug_Parker,0
Warner_Bros.,keyPerson,Douglas_R._Oberhelman,0
Warner_Bros.,keyPerson,Andrew_S._Rosen,0
Warner_Bros.,keyPerson,Alan_Joyce_(executive),0
Warner_Bros.,keyPerson,Mike_Duke,0
Washington_Mutual,keyPerson,Hubert_Joly,0
Washington_Mutual,keyPerson,Ho_Ching,0
Washington_Mutual,keyPerson,Isaac_Larian,0
Washington_Mutual,keyPerson,Mark_Zuckerberg,0
Washington_Mutual,keyPerson,Antony_Jenkins,0
Graham_Holdings_Company,keyPerson,César_Alierta,0
Graham_Holdings_Company,keyPerson,Denise_Morrison,0
Graham_Holdings_Company,keyPerson,Kirk_Kerkorian,0
Graham_Holdings_Company,keyPerson,Christie_Hefner,0
Graham_Holdings_Company,keyPerson,Tom_L._Ward,0
Wells_Fargo,keyPerson,Dilip_Shanghvi,0
Wells_Fargo,keyPerson,Scott_Etzler,0
Wells_Fargo,keyPerson,Peter_Lynch,0
Wells_Fargo,keyPerson,Lee_Kun-hee,0
Wells_Fargo,keyPerson,Rajeev_Suri,0
Whole_Foods_Market,keyPerson,Sheldon_Adelson,0
Whole_Foods_Market,keyPerson,Felipe_Gozon,0
Whole_Foods_Market,keyPerson,Daymond_John,0
Whole_Foods_Market,keyPerson,Anil_Ambani,0
Whole_Foods_Market,keyPerson,Mikael_Ohlsson,0
Williams-Sonoma,keyPerson,Andrew_Witty,0
Williams-Sonoma,keyPerson,John_Strangfeld,0
Williams-Sonoma,keyPerson,Tim_Cook,0
Williams-Sonoma,keyPerson,Sheldon_Adelson,0
Williams-Sonoma,keyPerson,Grandhi_Mallikarjuna_Rao,0
Winn-Dixie,keyPerson,Terry_Gou,0
Winn-Dixie,keyPerson,Bill_McDermott,0
Winn-Dixie,keyPerson,Ben_van_Beurden,0
Winn-Dixie,keyPerson,"James_M._Wells,_III",0
Winn-Dixie,keyPerson,Donald_Trump,0
Wipro,keyPerson,Daniel_Vasella,0
Wipro,keyPerson,Paul_Reiche_III,0
Wipro,keyPerson,Scott_Etzler,0
Wipro,keyPerson,Martin_Winterkorn,0
Wipro,keyPerson,Ian_King_(BAE_Systems),0
WWE,keyPerson,Ashok_Vemuri,0
WWE,keyPerson,Michael_Dell,0
WWE,keyPerson,Isaac_Larian,0
WWE,keyPerson,Lowell_McAdam,0
WWE,keyPerson,Dilip_Shanghvi,0
Yahoo!,keyPerson,Gary_Rodkin,0
Yahoo!,keyPerson,Jeff_Zucker,0
Yahoo!,keyPerson,Brian_Krzanich,0
Yahoo!,keyPerson,Anant_Gupta,0
Yahoo!,keyPerson,Tim_Armstrong_(executive),0
YG_Entertainment,keyPerson,Scott_Etzler,0
YG_Entertainment,keyPerson,Paul_Allen,0
YG_Entertainment,keyPerson,Peter_Lynch,0
YG_Entertainment,keyPerson,Donald_Trump,0
YG_Entertainment,keyPerson,Ho_Ching,0
Yum!_Brands,keyPerson,Denise_Morrison,0
Yum!_Brands,keyPerson,Diego_Della_Valle,0
Yum!_Brands,keyPerson,Chuck_Rozanski,0
Yum!_Brands,keyPerson,Jeff_Zucker,0
Yum!_Brands,keyPerson,Chris_T._Sullivan,0
