id,test,True Positive,False Positive
38,"['Cognizant', ""Francisco_D'Souza""]","['keyPerson(\'Cognizant\', ""Francisco_D\'Souza"") 1.0']","['not_keyPerson(\'Cognizant\', ""Francisco_D\'Souza"") 1.0']"
2,"['ACE_Limited', 'Evan_G._Greenberg']","[""keyPerson('ACE_Limited', 'Evan_G._Greenberg') 1.0""]","[""not_keyPerson('ACE_Limited', 'Evan_G._Greenberg') 1.0""]"
3,"['Aditya_Birla_Group', 'Kumar_Mangalam_Birla']","[""keyPerson('Aditya_Birla_Group', 'Kumar_Mangalam_Birla') 1.0""]","[""not_keyPerson('Aditya_Birla_Group', 'Kumar_Mangalam_Birla') 1.0""]"
10,"['Advanced_Micro_Devices', 'Rory_Read']","[""keyPerson('Advanced_Micro_Devices', 'Rory_Read') 1.0""]","[""not_keyPerson('Advanced_Micro_Devices', 'Rory_Read') 1.0""]"
126,"['Ahold', 'John_Rishton']","[""keyPerson('John_Rishton', 'Ahold_Delhaize') 1.0"", ""keyPerson('Ahold_Delhaize', 'John_Rishton') 1.0"", ""keyPerson('Ahold', 'John_Rishton') 1.0""]","[""not_keyPerson('Ahold_Delhaize', 'John_Rishton') 1.0"", ""not_keyPerson('Ahold', 'John_Rishton') 1.0"", ""not_keyPerson('John_Rishton', 'Ahold') 1.0"", ""not_keyPerson('John_Rishton', 'Ahold_Delhaize') 1.0""]"
50,"['Airbus_Group', 'Tom_Enders']","[""keyPerson('Airbus_Group', 'Tom_Enders') 1.0"", ""keyPerson('Tom_Enders__1', 'Airbus_Group') 1.0""]","[""not_keyPerson('Airbus_Group', 'Tom_Enders') 1.0"", ""not_keyPerson('Tom_Enders', 'Airbus_Group') 1.0"", ""not_keyPerson('Tom_Enders__1', 'Airbus_Group') 1.0""]"
7,"['Alcatel-Lucent', 'Michel_Combes']","[""keyPerson('Alcatel-Lucent', 'Michel_Combes') 1.0""]","[""not_keyPerson('Alcatel-Lucent', 'Michel_Combes') 1.0""]"
8,"['Alcoa', 'Klaus_Kleinfeld']","[""keyPerson('Alcoa', 'Klaus_Kleinfeld') 1.0""]","[""not_keyPerson('Alcoa', 'Klaus_Kleinfeld') 1.0""]"
6,"['Alliance_Boots', 'Stefano_Pessina']","[""keyPerson('Alliance_Boots', 'Stefano_Pessina') 1.0""]","[""not_keyPerson('Alliance_Boots', 'Stefano_Pessina') 1.0"", ""not_keyPerson('Stefano_Pessina__1', 'Alliance_Boots') 1.0""]"
13,"['AOL', 'Tim_Armstrong_(executive)']","[""keyPerson('AOL', 'Tim_Armstrong_(executive)') 1.0""]","[""not_keyPerson('AOL', 'Tim_Armstrong_(executive)') 1.0""]"
14,"['Apple_Inc.', 'Tim_Cook']","[""keyPerson('Apple_Inc.', 'Tim_Cook') 1.0""]","[""not_keyPerson('Apple_Inc.', 'Tim_Cook') 1.0""]"
15,"['ArcelorMittal', 'Lakshmi_Mittal']","[""keyPerson('Lakshmi_Mittal__1', 'ArcelorMittal') 1.0"", ""keyPerson('ArcelorMittal', 'Lakshmi_Mittal') 1.0"", ""keyPerson('Lakshmi_Mittal', 'ArcelorMittal') 1.0""]","[""not_keyPerson('ArcelorMittal', 'Lakshmi_Mittal') 1.0"", ""not_keyPerson('Lakshmi_Mittal', 'ArcelorMittal') 1.0"", ""not_keyPerson('Lakshmi_Mittal__1', 'ArcelorMittal') 1.0""]"
16,"['AT&T', 'Randall_L._Stephenson']","[""keyPerson('AT&T_Sports_Networks', 'Randall_L._Stephenson') 1.0"", ""keyPerson('AT&T_Digital_Life', 'Randall_L._Stephenson') 1.0"", ""keyPerson('Randall_L._Stephenson', 'AT&T') 1.0"", ""keyPerson('AT&T_Corp.', 'Randall_L._Stephenson') 1.0"", ""keyPerson('AT&T_Mobility', 'Randall_L._Stephenson') 1.0"", ""keyPerson('AT&T_Corporation', 'Randall_L._Stephenson') 1.0"", ""keyPerson('AT&T_Mexico', 'Randall_L._Stephenson') 1.0"", ""keyPerson('Randall_L._Stephenson', 'AT&T_Mexico') 1.0"", ""keyPerson('AT&T_Inc.', 'Randall_L._Stephenson') 1.0"", ""keyPerson('AT&T_U-verse', 'Randall_L._Stephenson') 1.0"", ""keyPerson('AT&T_Communications', 'Randall_L._Stephenson') 1.0"", ""keyPerson('AT&T', 'Randall_L._Stephenson') 1.0"", ""keyPerson('Randall_L._Stephenson', 'AT&T_Corporation') 1.0""]","[""not_keyPerson('AT&T_Sports_Networks', 'Randall_L._Stephenson') 1.0"", ""not_keyPerson('AT&T_Digital_Life', 'Randall_L._Stephenson') 1.0"", ""not_keyPerson('Randall_L._Stephenson', 'AT&T') 1.0"", ""not_keyPerson('AT&T_Corp.', 'Randall_L._Stephenson') 1.0"", ""not_keyPerson('AT&T_Mobility', 'Randall_L._Stephenson') 1.0"", ""not_keyPerson('AT&T_Corporation', 'Randall_L._Stephenson') 1.0"", ""not_keyPerson('AT&T_Mexico', 'Randall_L._Stephenson') 1.0"", ""not_keyPerson('Randall_L._Stephenson', 'AT&T_Mexico') 1.0"", ""not_keyPerson('AT&T_Inc.', 'Randall_L._Stephenson') 1.0"", ""not_keyPerson('AT&T_U-verse', 'Randall_L._Stephenson') 1.0"", ""not_keyPerson('AT&T_Communications', 'Randall_L._Stephenson') 1.0"", ""not_keyPerson('AT&T', 'Randall_L._Stephenson') 1.0"", ""not_keyPerson('Randall_L._Stephenson', 'AT&T_Corporation') 1.0""]"
19,"['Bank_of_America', 'Brian_Moynihan']","[""keyPerson('Bank_of_America_Merrill_Lynch', 'Brian_Moynihan') 1.0"", ""keyPerson('Bank_of_America', 'Brian_Moynihan') 1.0"", ""keyPerson('Brian_Moynihan__1', 'Bank_of_America') 1.0"", ""keyPerson('Brian_Moynihan__1', 'Bank_of_America_Merrill_Lynch') 1.0"", ""keyPerson('Bank_of_America_Home_Loans', 'Brian_Moynihan') 1.0""]","[""not_keyPerson('Bank_of_America_Merrill_Lynch', 'Brian_Moynihan') 1.0"", ""not_keyPerson('Brian_Moynihan__1', 'Bank_of_America_Merrill_Lynch') 1.0"", ""not_keyPerson('Brian_Moynihan', 'Bank_of_America_Merrill_Lynch') 1.0"", ""not_keyPerson('Bank_of_America', 'Brian_Moynihan') 1.0"", ""not_keyPerson('Brian_Moynihan__1', 'Bank_of_America') 1.0"", ""not_keyPerson('Brian_Moynihan', 'Bank_of_America') 1.0"", ""not_keyPerson('Bank_of_America_Home_Loans', 'Brian_Moynihan') 1.0""]"
20,"['Barclays', 'Antony_Jenkins']","[""keyPerson('Barclays_Africa_Group', 'Antony_Jenkins') 1.0"", ""keyPerson('Barclays_Wealth', 'Antony_Jenkins') 1.0"", ""keyPerson('Barclays', 'Antony_Jenkins') 1.0"", ""keyPerson('Barclays_Investment_Bank', 'Antony_Jenkins') 1.0""]","[""not_keyPerson('Barclays_Africa_Group', 'Antony_Jenkins') 1.0"", ""not_keyPerson('Barclays_Wealth', 'Antony_Jenkins') 1.0"", ""not_keyPerson('Barclays', 'Antony_Jenkins') 1.0"", ""not_keyPerson('Barclays_Investment_Bank', 'Antony_Jenkins') 1.0""]"
22,"['Best_Buy', 'Hubert_Joly']","[""keyPerson('Best_Buy', 'Hubert_Joly') 1.0"", ""keyPerson('Best_Buy_Europe', 'Hubert_Joly') 1.0""]","[""not_keyPerson('Best_Buy', 'Hubert_Joly') 1.0"", ""not_keyPerson('Best_Buy_Europe', 'Hubert_Joly') 1.0""]"
23,"['Bharti_Enterprises', 'Sunil_Mittal']","[""keyPerson('Bharti_Enterprises', 'Sunil_Mittal') 1.0""]","[""not_keyPerson('Bharti_Enterprises', 'Sunil_Mittal') 1.0""]"
25,"['BHP_Billiton', 'Andrew_Mackenzie_(businessman)']","[""keyPerson('BHP_Billiton', 'Andrew_Mackenzie_(businessman)') 1.0""]","[""not_keyPerson('BHP_Billiton', 'Andrew_Mackenzie_(businessman)') 1.0""]"
26,"['BMW', 'Norbert_Reithofer']","[""keyPerson('BMW_AG', 'Norbert_Reithofer') 1.0"", ""keyPerson('BMW', 'Norbert_Reithofer') 1.0"", ""keyPerson('BMW_i', 'Norbert_Reithofer') 1.0""]","[""not_keyPerson('BMW_AG', 'Norbert_Reithofer') 1.0"", ""not_keyPerson('Norbert_Reithofer', 'BMW') 1.0"", ""not_keyPerson('BMW', 'Norbert_Reithofer') 1.0"", ""not_keyPerson('BMW_i', 'Norbert_Reithofer') 1.0""]"
27,"['Boston_Consulting_Group', 'Rich_Lesser']","[""keyPerson('Boston_Consulting_Group', 'Rich_Lesser') 1.0""]","[""not_keyPerson('Boston_Consulting_Group', 'Rich_Lesser') 1.0""]"
28,"['BP', 'Bob_Dudley']","[""keyPerson('BP', 'Bob_Dudley') 1.0""]","[""not_keyPerson('BP', 'Bob_Dudley') 1.0""]"
39,"['Comcast', 'Brian_L._Roberts']","[""keyPerson('Brian_L._Roberts__1', 'Comcast') 1.0"", ""keyPerson('Comcast_Spectacor', 'Brian_L._Roberts') 1.0"", ""keyPerson('Comcast', 'Brian_L._Roberts') 1.0"", ""keyPerson('Comcast_Spotlight', 'Brian_L._Roberts') 1.0"", ""keyPerson('Comcast_Interactive_Media', 'Brian_L._Roberts') 1.0"", ""keyPerson('Comcast_Cable', 'Brian_L._Roberts') 1.0"", ""keyPerson('Founder of Comcast', 'Brian_L._Roberts') 1.0"", ""keyPerson('Co-Founder of Comcast Corporation', 'Brian_L._Roberts') 1.0"", ""keyPerson('Comcast_Business', 'Brian_L._Roberts') 1.0""]","[""not_keyPerson('Brian_L._Roberts__1', 'Comcast') 1.0"", ""not_keyPerson('Comcast_Spectacor', 'Brian_L._Roberts') 1.0"", ""not_keyPerson('Brian_L._Roberts', 'Comcast') 1.0"", ""not_keyPerson('Comcast_Spotlight', 'Brian_L._Roberts') 1.0"", ""not_keyPerson('Comcast_Interactive_Media', 'Brian_L._Roberts') 1.0"", ""not_keyPerson('Co-Founder of Comcast Corporation', 'Brian_L._Roberts') 1.0"", ""not_keyPerson('Comcast', 'Brian_L._Roberts') 1.0"", ""not_keyPerson('Comcast_Business', 'Brian_L._Roberts') 1.0"", ""not_keyPerson('Founder of Comcast', 'Brian_L._Roberts') 1.0"", ""not_keyPerson('Comcast_Cable', 'Brian_L._Roberts') 1.0""]"
17,"['BAE_Systems', 'Ian_King_(BAE_Systems)']","[""keyPerson('British_Aerospace', 'Ian_King_(BAE_Systems)') 1.0"", ""keyPerson('Ian_King_(BAE_Systems)', 'British_Aircraft_Corporation') 1.0"", ""keyPerson('Portsmouth', 'Ian_King_(BAE_Systems)') 1.0"", ""keyPerson('Ian_King_(BAE_Systems)', 'President_(corporate_title)') 1.0"", ""keyPerson('Hawker_Siddeley_Aviation', 'Ian_King_(BAE_Systems)') 1.0"", ""keyPerson('City_status_in_the_United_Kingdom', 'Ian_King_(BAE_Systems)') 1.0"", ""keyPerson('BAE_Systems_Detica', 'Ian_King_(BAE_Systems)') 1.0"", ""keyPerson('Combat_vehicle', 'Ian_King_(BAE_Systems)') 1.0"", ""keyPerson('Ian_King_(BAE_Systems)', 'Guglielmo_Marconi') 1.0"", ""keyPerson('Ian_King_(BAE_Systems)__1', 'BAE_Systems') 1.0"", ""keyPerson('Ian_King_(BAE_Systems)', 'British_Aerospace') 1.0"", ""keyPerson('Ian_King_(BAE_Systems)', 'Incumbent') 1.0"", ""keyPerson('Michael_Turner_(businessman)', 'Ian_King_(BAE_Systems)') 1.0"", ""keyPerson('Ian_King_(BAE_Systems)', 'Michael_Turner_(businessman)') 1.0"", ""keyPerson('Private', 'Ian_King_(BAE_Systems)') 1.0"", ""keyPerson('Ian_King_(BAE_Systems)__1', 'British_Aircraft_Corporation') 1.0"", ""keyPerson('BAE_Systems', 'Ian_King_(BAE_Systems)') 1.0"", ""keyPerson('Ian_King_(BAE_Systems)', 'Roger_Carr_(businessman)') 1.0"", ""keyPerson('Ian_King_(BAE_Systems)__1', 'Hawker_Siddeley_Dynamics') 1.0"", ""keyPerson('British_Aircraft_Corporation', 'Ian_King_(BAE_Systems)') 1.0"", ""keyPerson('Scottish_Aviation', 'Ian_King_(BAE_Systems)') 1.0"", ""keyPerson('Roger_Carr_(businessman)__1', 'Ian_King_(BAE_Systems)') 1.0"", ""keyPerson('Ian_King_(BAE_Systems)', 'Ian_King_(BAE_Systems)') 1.0"", ""keyPerson('Aircraft', 'Ian_King_(BAE_Systems)') 1.0"", ""keyPerson('The_General_Electric_Company', 'Ian_King_(BAE_Systems)') 1.0"", ""keyPerson('Ian_King_(BAE_Systems)__1', 'Roger_Carr_(businessman)') 1.0"", ""keyPerson('Profession', 'Ian_King_(BAE_Systems)') 1.0"", ""keyPerson('Ian_King_(BAE_Systems)__1', 'Arnold_Weinstock') 1.0"", ""keyPerson('Subsidiary', 'Ian_King_(BAE_Systems)') 1.0"", ""keyPerson('Ian_King_(BAE_Systems)__1', 'Mrs King') 1.0"", ""keyPerson('BAE_Systems_Inc.', 'Ian_King_(BAE_Systems)') 1.0"", ""keyPerson('Public_limited_company', 'Ian_King_(BAE_Systems)') 1.0"", ""keyPerson('Ian_King_(BAE_Systems)', 'Arnold_Weinstock') 1.0"", ""keyPerson('Ian_King_(BAE_Systems)', 'BAE_Systems') 1.0"", ""keyPerson('Ian_King_(BAE_Systems)', 'Scottish_Aviation') 1.0"", ""keyPerson('Ian_King_(BAE_Systems)', 'Hawker_Siddeley_Aviation') 1.0"", ""keyPerson('Hawker_Siddeley_Dynamics', 'Ian_King_(BAE_Systems)') 1.0"", ""keyPerson('Ian_King_(BAE_Systems)__1', 'Scottish_Aviation') 1.0"", ""keyPerson('BAE_Systems_plc', 'Ian_King_(BAE_Systems)') 1.0"", ""keyPerson('Incumbent', 'Ian_King_(BAE_Systems)') 1.0"", ""keyPerson('Ian_King_(BAE_Systems)__1', 'Guglielmo_Marconi') 1.0"", ""keyPerson('Rover_Group', 'Ian_King_(BAE_Systems)') 1.0"", ""keyPerson('Ian_King_(BAE_Systems)__1', 'President_(corporate_title)') 1.0"", ""keyPerson('Ian_King_(BAE_Systems)__1', 'Incumbent') 1.0"", ""keyPerson('BAE_Systems_Electronics,_Intelligence_&_Support', 'Ian_King_(BAE_Systems)') 1.0"", ""keyPerson('Ian_King_(BAE_Systems)__1', 'Ian_King_(BAE_Systems)') 1.0"", ""keyPerson('Ian_King_(BAE_Systems)__1', 'British_Aerospace') 1.0"", ""keyPerson('Ian_King_(BAE_Systems)', 'Mrs King') 1.0"", ""keyPerson('State-owned_company', 'Ian_King_(BAE_Systems)') 1.0"", ""keyPerson('Ian_King_(BAE_Systems)__1', 'Michael_Turner_(businessman)') 1.0"", ""keyPerson('Munition', 'Ian_King_(BAE_Systems)') 1.0"", ""keyPerson('BAE_Systems_Australia', 'Ian_King_(BAE_Systems)') 1.0"", ""keyPerson('Ian_King_(BAE_Systems)__1', 'Hawker_Siddeley_Aviation') 1.0"", ""keyPerson('Marconi_Electronic_Systems', 'Ian_King_(BAE_Systems)') 1.0"", ""keyPerson('London', 'Ian_King_(BAE_Systems)') 1.0"", ""keyPerson('Roger_Carr_(businessman)', 'Ian_King_(BAE_Systems)') 1.0"", ""keyPerson('BAE_Systems_Land_&_Armaments', 'Ian_King_(BAE_Systems)') 1.0"", ""keyPerson('Naval_ship', 'Ian_King_(BAE_Systems)') 1.0"", ""keyPerson('Ian_King_(BAE_Systems)', 'Hawker_Siddeley_Dynamics') 1.0""]","[""not_keyPerson('British_Aerospace', 'Ian_King_(BAE_Systems)') 1.0"", ""not_keyPerson('Portsmouth', 'Ian_King_(BAE_Systems)') 1.0"", ""not_keyPerson('Ian_King_(BAE_Systems)', 'President_(corporate_title)') 1.0"", ""not_keyPerson('Hawker_Siddeley_Aviation', 'Ian_King_(BAE_Systems)') 1.0"", ""not_keyPerson('Ian_King_(BAE_Systems)', 'Marconi_Electronic_Systems') 1.0"", ""not_keyPerson('Mrs King', 'Ian_King_(BAE_Systems)') 1.0"", ""not_keyPerson('City_status_in_the_United_Kingdom', 'Ian_King_(BAE_Systems)') 1.0"", ""not_keyPerson('State-owned_company', 'Ian_King_(BAE_Systems)') 1.0"", ""not_keyPerson('BAE_Systems_Detica', 'Ian_King_(BAE_Systems)') 1.0"", ""not_keyPerson('Combat_vehicle', 'Ian_King_(BAE_Systems)') 1.0"", ""not_keyPerson('Ian_King_(BAE_Systems)', 'Guglielmo_Marconi') 1.0"", ""not_keyPerson('Ian_King_(BAE_Systems)__1', 'BAE_Systems') 1.0"", ""not_keyPerson('Ian_King_(BAE_Systems)', 'British_Aerospace') 1.0"", ""not_keyPerson('Profession', 'Ian_King_(BAE_Systems)') 1.0"", ""not_keyPerson('Ian_King_(BAE_Systems)', 'Incumbent') 1.0"", ""not_keyPerson('Ian_King_(BAE_Systems)', 'British_Aircraft_Corporation') 1.0"", ""not_keyPerson('Michael_Turner_(businessman)', 'Ian_King_(BAE_Systems)') 1.0"", ""not_keyPerson('Ian_King_(BAE_Systems)', 'Michael_Turner_(businessman)') 1.0"", ""not_keyPerson('Private', 'Ian_King_(BAE_Systems)') 1.0"", ""not_keyPerson('Ian_King_(BAE_Systems)__1', 'British_Aircraft_Corporation') 1.0"", ""not_keyPerson('BAE_Systems', 'Ian_King_(BAE_Systems)') 1.0"", ""not_keyPerson('Ian_King_(BAE_Systems)', 'Roger_Carr_(businessman)') 1.0"", ""not_keyPerson('Ian_King_(BAE_Systems)__1', 'Hawker_Siddeley_Dynamics') 1.0"", ""not_keyPerson('British_Aircraft_Corporation', 'Ian_King_(BAE_Systems)') 1.0"", ""not_keyPerson('Guglielmo_Marconi', 'Ian_King_(BAE_Systems)') 1.0"", ""not_keyPerson('Scottish_Aviation', 'Ian_King_(BAE_Systems)') 1.0"", ""not_keyPerson('Ian_King_(BAE_Systems)__1', 'Marconi_Electronic_Systems') 1.0"", ""not_keyPerson('Roger_Carr_(businessman)__1', 'Ian_King_(BAE_Systems)') 1.0"", ""not_keyPerson('Ian_King_(BAE_Systems)', 'Ian_King_(BAE_Systems)') 1.0"", ""not_keyPerson('Aircraft', 'Ian_King_(BAE_Systems)') 1.0"", ""not_keyPerson('The_General_Electric_Company', 'Ian_King_(BAE_Systems)') 1.0"", ""not_keyPerson('Ian_King_(BAE_Systems)__1', 'Roger_Carr_(businessman)') 1.0"", ""not_keyPerson('Ian_King_(BAE_Systems)__1', 'Arnold_Weinstock') 1.0"", ""not_keyPerson('Subsidiary', 'Ian_King_(BAE_Systems)') 1.0"", ""not_keyPerson('Ian_King_(BAE_Systems)__1', 'Mrs King') 1.0"", ""not_keyPerson('BAE_Systems_Inc.', 'Ian_King_(BAE_Systems)') 1.0"", ""not_keyPerson('Public_limited_company', 'Ian_King_(BAE_Systems)') 1.0"", ""not_keyPerson('Ian_King_(BAE_Systems)', 'Arnold_Weinstock') 1.0"", ""not_keyPerson('Ian_King_(BAE_Systems)', 'BAE_Systems') 1.0"", ""not_keyPerson('Ian_King_(BAE_Systems)', 'Scottish_Aviation') 1.0"", ""not_keyPerson('Ian_King_(BAE_Systems)', 'Hawker_Siddeley_Aviation') 1.0"", ""not_keyPerson('Hawker_Siddeley_Dynamics', 'Ian_King_(BAE_Systems)') 1.0"", ""not_keyPerson('Ian_King_(BAE_Systems)__1', 'Scottish_Aviation') 1.0"", ""not_keyPerson('BAE_Systems_plc', 'Ian_King_(BAE_Systems)') 1.0"", ""not_keyPerson('Incumbent', 'Ian_King_(BAE_Systems)') 1.0"", ""not_keyPerson('President_(corporate_title)', 'Ian_King_(BAE_Systems)') 1.0"", ""not_keyPerson('Ian_King_(BAE_Systems)__1', 'Guglielmo_Marconi') 1.0"", ""not_keyPerson('Rover_Group', 'Ian_King_(BAE_Systems)') 1.0"", ""not_keyPerson('Ian_King_(BAE_Systems)__1', 'President_(corporate_title)') 1.0"", ""not_keyPerson('Ian_King_(BAE_Systems)__1', 'Incumbent') 1.0"", ""not_keyPerson('BAE_Systems_Electronics,_Intelligence_&_Support', 'Ian_King_(BAE_Systems)') 1.0"", ""not_keyPerson('Ian_King_(BAE_Systems)__1', 'Ian_King_(BAE_Systems)') 1.0"", ""not_keyPerson('Ian_King_(BAE_Systems)__1', 'British_Aerospace') 1.0"", ""not_keyPerson('Ian_King_(BAE_Systems)', 'Mrs King') 1.0"", ""not_keyPerson('Ian_King_(BAE_Systems)__1', 'Michael_Turner_(businessman)') 1.0"", ""not_keyPerson('Munition', 'Ian_King_(BAE_Systems)') 1.0"", ""not_keyPerson('BAE_Systems_Australia', 'Ian_King_(BAE_Systems)') 1.0"", ""not_keyPerson('Arnold_Weinstock', 'Ian_King_(BAE_Systems)') 1.0"", ""not_keyPerson('Ian_King_(BAE_Systems)__1', 'Hawker_Siddeley_Aviation') 1.0"", ""not_keyPerson('Marconi_Electronic_Systems', 'Ian_King_(BAE_Systems)') 1.0"", ""not_keyPerson('London', 'Ian_King_(BAE_Systems)') 1.0"", ""not_keyPerson('Roger_Carr_(businessman)', 'Ian_King_(BAE_Systems)') 1.0"", ""not_keyPerson('BAE_Systems_Land_&_Armaments', 'Ian_King_(BAE_Systems)') 1.0"", ""not_keyPerson('Naval_ship', 'Ian_King_(BAE_Systems)') 1.0"", ""not_keyPerson('Ian_King_(BAE_Systems)', 'Hawker_Siddeley_Dynamics') 1.0""]"
29,"['Campbell_Soup_Company', 'Denise_Morrison']","[""keyPerson('Campbell_Soup_Company', 'Denise_Morrison') 1.0""]","[""not_keyPerson('Campbell_Soup_Company', 'Denise_Morrison') 1.0""]"
30,"['Canonical_(company)', 'Jane_Silber']","[""keyPerson('Canonical_(company)', 'Jane_Silber') 1.0""]","[""not_keyPerson('Canonical_(company)', 'Jane_Silber') 1.0""]"
31,"['Capital_One', 'Richard_Fairbank']","[""keyPerson('Capital_One', 'Richard_Fairbank') 1.0""]","[""not_keyPerson('Capital_One', 'Richard_Fairbank') 1.0""]"
124,"['Renault', 'Carlos_Ghosn']","[""keyPerson('Louis_Renault_(industrialist)__1', 'Carlos_Ghosn') 1.0"", ""keyPerson('Renault', 'Carlos_Ghosn') 1.0"", ""keyPerson('Carlos_Ghosn__1', 'Louis_Renault_(industrialist)') 1.0"", ""keyPerson('Carlos_Ghosn__1', 'Marcel_Renault') 1.0"", ""keyPerson('Renault_Sport', 'Carlos_Ghosn') 1.0"", ""keyPerson('Renault-Nissan_Alliance', 'Carlos_Ghosn') 1.0"", ""keyPerson('Carlos_Ghosn__1', 'Fernand_Renault') 1.0""]","[""not_keyPerson('Carlos_Ghosn', 'Fernand_Renault') 1.0"", ""not_keyPerson('Carlos_Ghosn__1', 'Louis_Renault_(industrialist)') 1.0"", ""not_keyPerson('Carlos_Ghosn__1', 'Fernand_Renault') 1.0"", ""not_keyPerson('Carlos_Ghosn', 'Marcel_Renault') 1.0"", ""not_keyPerson('Fernand_Renault', 'Carlos_Ghosn') 1.0"", ""not_keyPerson('Renault_Sport', 'Carlos_Ghosn') 1.0"", ""not_keyPerson('Marcel_Renault', 'Carlos_Ghosn') 1.0"", ""not_keyPerson('Renault-Nissan_Alliance', 'Carlos_Ghosn') 1.0"", ""not_keyPerson('Carlos_Ghosn__1', 'Marcel_Renault') 1.0"", ""not_keyPerson('Louis_Renault_(industrialist)', 'Carlos_Ghosn') 1.0"", ""not_keyPerson('Renault', 'Carlos_Ghosn') 1.0"", ""not_keyPerson('Louis_Renault_(industrialist)__1', 'Carlos_Ghosn') 1.0"", ""not_keyPerson('Carlos_Ghosn', 'Louis_Renault_(industrialist)') 1.0""]"
32,"['Caterpillar_Inc.', 'Douglas_R._Oberhelman']","[""keyPerson('Douglas_R._Oberhelman__1', 'Caterpillar_Inc.') 1.0"", ""keyPerson('Caterpillar_Inc.', 'Douglas_R._Oberhelman') 1.0"", ""keyPerson('Douglas_R._Oberhelman', 'Caterpillar_Inc.') 1.0""]","[""not_keyPerson('Caterpillar_Inc.', 'Douglas_R._Oberhelman') 1.0"", ""not_keyPerson('Douglas_R._Oberhelman__1', 'Caterpillar_Inc.') 1.0"", ""not_keyPerson('Douglas_R._Oberhelman', 'Caterpillar_Inc.') 1.0""]"
35,"['Cisco_Systems', 'John_T._Chambers']","[""keyPerson('Cisco_Systems', 'John_T._Chambers') 1.0"", ""keyPerson('List_of_acquisitions_by_Cisco_Systems', 'John_T._Chambers') 1.0""]","[""not_keyPerson('Cisco_Systems', 'John_T._Chambers') 1.0"", ""not_keyPerson('List_of_acquisitions_by_Cisco_Systems', 'John_T._Chambers') 1.0""]"
36,"['Citigroup', 'Michael_Corbat']","[""keyPerson('Citigroup', 'Michael_Corbat') 1.0"", ""keyPerson('Nikko_Citigroup', 'Michael_Corbat') 1.0""]","[""not_keyPerson('Citigroup', 'Michael_Corbat') 1.0"", ""not_keyPerson('Nikko_Citigroup', 'Michael_Corbat') 1.0""]"
40,"['ConAgra_Foods', 'Gary_Rodkin']","[""keyPerson('ConAgra_Foods', 'Gary_Rodkin') 1.0""]","[""not_keyPerson('ConAgra_Foods', 'Gary_Rodkin') 1.0""]"
41,"['Crown_Worldwide_Group', 'James_E._Thompson']","[""keyPerson('Crown_Worldwide_Group', 'James_E._Thompson') 1.0""]","[""not_keyPerson('Crown_Worldwide_Group', 'James_E._Thompson') 1.0""]"
90,"['Manchester_United_F.C.', 'David_Gill_(executive)']","[""keyPerson('David_Gill_(executive)__1', 'Manchester_United_F.C.') 1.0"", ""keyPerson('Manchester_United_F.C.', 'David_Gill_(executive)') 1.0""]","[""not_keyPerson('David_Gill_(executive)', 'Manchester_United_F.C.') 1.0"", ""not_keyPerson('Manchester_United_F.C.', 'David_Gill_(executive)') 1.0"", ""not_keyPerson('David_Gill_(executive)__1', 'Manchester_United_F.C.') 1.0""]"
45,"['Deutsche_Bank', 'Anshu_Jain']","[""keyPerson('Deutsche_Bank_Twin_Towers', 'Anshu_Jain') 1.0"", ""keyPerson('Deutsche_Bank', 'Anshu_Jain') 1.0""]","[""not_keyPerson('Deutsche_Bank_Twin_Towers', 'Anshu_Jain') 1.0"", ""not_keyPerson('Deutsche_Bank', 'Anshu_Jain') 1.0""]"
46,"['Deutsche_Post', 'Frank_Appel']","[""keyPerson('Deutsche_Post_AG', 'Frank_Appel') 1.0"", ""keyPerson('Frank_Appel', 'Deutsche_Post_AG') 1.0"", ""keyPerson('Deutsche_Post', 'Frank_Appel') 1.0"", ""keyPerson('Frank_Appel__1', 'Deutsche_Post_AG') 1.0""]","[""not_keyPerson('Deutsche_Post_AG', 'Frank_Appel') 1.0"", ""not_keyPerson('Frank_Appel', 'Deutsche_Post_AG') 1.0"", ""not_keyPerson('Deutsche_Post', 'Frank_Appel') 1.0"", ""not_keyPerson('Frank_Appel__1', 'Deutsche_Post_AG') 1.0""]"
42,"['Daimler_AG', 'Dieter_Zetsche']","[""keyPerson('Daimler_AG', 'Dieter_Zetsche') 1.0"", ""keyPerson('Dieter_Zetsche__1', 'Daimler_AG') 1.0""]","[""not_keyPerson('Dieter_Zetsche', 'Daimler_AG') 1.0"", ""not_keyPerson('Daimler_AG', 'Dieter_Zetsche') 1.0"", ""not_keyPerson('Dieter_Zetsche__1', 'Daimler_AG') 1.0""]"
47,"['DineEquity', 'Julia_Stewart_(businesswoman)']","[""keyPerson('DineEquity', 'Julia_Stewart_(businesswoman)') 1.0""]","[""not_keyPerson('DineEquity', 'Julia_Stewart_(businesswoman)') 1.0""]"
48,"['DLF_(company)', 'Kushal_Pal_Singh']","[""keyPerson('DLF_(company)', 'Kushal_Pal_Singh') 1.0""]","[""not_keyPerson('DLF_(company)', 'Kushal_Pal_Singh') 1.0""]"
12,"['American_Airlines_Group', 'Doug_Parker']","[""keyPerson('American_Airlines_Group', 'Doug_Parker_(airline_executive)') 1.0""]","[""not_keyPerson('Doug_Parker_(airline_executive)', 'American_Airlines_Group') 1.0"", ""not_keyPerson('American_Airlines_Group', 'Doug_Parker_(airline_executive)') 1.0""]"
51,"['EBay', 'John_Donahoe']","[""keyPerson('EBay', 'John_Donahoe') 1.0""]","[""not_keyPerson('EBay', 'John_Donahoe') 1.0""]"
54,"['ExxonMobil', 'Rex_Tillerson']","[""keyPerson('ExxonMobil', 'Rex_Tillerson') 1.0"", ""keyPerson('Rex_Tillerson', 'ExxonMobil') 1.0"", ""keyPerson('Rex_Tillerson__1', 'ExxonMobil') 1.0""]","[""not_keyPerson('ExxonMobil', 'Rex_Tillerson') 1.0"", ""not_keyPerson('Rex_Tillerson', 'ExxonMobil') 1.0"", ""not_keyPerson('Rex_Tillerson__1', 'ExxonMobil') 1.0""]"
55,"['Facebook', 'Mark_Zuckerberg']","[""keyPerson('Facebook_Messenger', 'Mark_Zuckerberg') 1.0"", ""keyPerson('Facebook', 'Mark_Zuckerberg') 1.0""]","[""not_keyPerson('Facebook_Messenger', 'Mark_Zuckerberg') 1.0"", ""not_keyPerson('Facebook', 'Mark_Zuckerberg') 1.0""]"
56,"['FedEx', 'Frederick_W._Smith']","[""keyPerson('FedEx_Express', 'Frederick_W._Smith') 1.0"", ""keyPerson('FedEx', 'Frederick_W._Smith') 1.0"", ""keyPerson('FedEx_Ground', 'Frederick_W._Smith') 1.0"", ""keyPerson('FedEx_Freight', 'Frederick_W._Smith') 1.0"", ""keyPerson('FedEx_Office', 'Frederick_W._Smith') 1.0""]","[""not_keyPerson('FedEx_Express', 'Frederick_W._Smith') 1.0"", ""not_keyPerson('FedEx', 'Frederick_W._Smith') 1.0"", ""not_keyPerson('FedEx_Ground', 'Frederick_W._Smith') 1.0"", ""not_keyPerson('FedEx_Freight', 'Frederick_W._Smith') 1.0"", ""not_keyPerson('FedEx_Office', 'Frederick_W._Smith') 1.0""]"
67,"['GMA_Network', 'Felipe_Gozon']","[""keyPerson('GMA_Network', 'Felipe_Gozon') 1.0"", ""keyPerson('List_of_GMA_Network_radio_stations', 'Felipe_Gozon') 1.0"", ""keyPerson('GMA_Network_(company)', 'Felipe_Gozon') 1.0"", ""keyPerson('Felipe_Gozon__1', 'GMA_Network_Inc.') 1.0"", ""keyPerson('Felipe_Gozon__1', 'GMA_Network_(company)') 1.0""]","[""not_keyPerson('Felipe_Gozon', 'GMA_Network_Inc.') 1.0"", ""not_keyPerson('GMA_Network_(company)', 'Felipe_Gozon') 1.0"", ""not_keyPerson('GMA_Network', 'Felipe_Gozon') 1.0"", ""not_keyPerson('Felipe_Gozon__1', 'GMA_Network_(company)') 1.0"", ""not_keyPerson('List_of_GMA_Network_radio_stations', 'Felipe_Gozon') 1.0"", ""not_keyPerson('Felipe_Gozon__1', 'GMA_Network_Inc.') 1.0"", ""not_keyPerson('Felipe_Gozon', 'GMA_Network_(company)') 1.0"", ""not_keyPerson('GMA_Network_Inc.', 'Felipe_Gozon') 1.0""]"
57,"['Fidelity_Investments', 'Abigail_Johnson']","[""keyPerson('Fidelity_Investments', 'Abigail_Johnson') 1.0""]","[""not_keyPerson('Fidelity_Investments', 'Abigail_Johnson') 1.0""]"
58,"['Ford_Motor_Company', 'Mark_Fields_(businessman)']","[""keyPerson('Ford_Motor_Company', 'Mark_Fields_(businessman)') 1.0""]","[""not_keyPerson('Ford_Motor_Company', 'Mark_Fields_(businessman)') 1.0""]"
59,"['Foxconn', 'Terry_Gou']","[""keyPerson('Foxconn', 'Terry_Gou') 1.0""]","[""not_keyPerson('Foxconn', 'Terry_Gou') 1.0""]"
60,"['FUBU', 'Daymond_John']","[""keyPerson('FUBU', 'Daymond_John') 1.0""]","[""not_keyPerson('FUBU', 'Daymond_John') 1.0""]"
61,"['General_Dynamics', 'Phebe_Novakovic']","[""keyPerson('General_Dynamics', 'Phebe_Novakovic') 1.0""]","[""not_keyPerson('General_Dynamics', 'Phebe_Novakovic') 1.0""]"
112,"['Global_Telecom_Holding', 'Naguib_Sawiris']","[""keyPerson('Global_Telecom_Holding', 'Naguib_Sawiris') 1.0""]","[""not_keyPerson('Global_Telecom_Holding', 'Naguib_Sawiris') 1.0""]"
68,"['GMR_Group', 'Grandhi_Mallikarjuna_Rao']","[""keyPerson('GMR_Group', 'Grandhi_Mallikarjuna_Rao') 1.0""]","[""not_keyPerson('GMR_Group', 'Grandhi_Mallikarjuna_Rao') 1.0""]"
65,"['Goldman_Sachs', 'Lloyd_Blankfein']","[""keyPerson('Goldman_Sachs', 'Lloyd_Blankfein') 1.0"", ""keyPerson('Lloyd_Blankfein', 'Goldman_Sachs') 1.0""]","[""not_keyPerson('Goldman_Sachs', 'Lloyd_Blankfein') 1.0"", ""not_keyPerson('Lloyd_Blankfein', 'Goldman_Sachs') 1.0""]"
66,"['Google', 'Larry_Page']","[""keyPerson('Google_Inc.', 'Larry_Page') 1.0"", ""keyPerson('List_of_Google_products', 'Larry_Page') 1.0"", ""keyPerson('Google_Fiber', 'Larry_Page') 1.0"", ""keyPerson('Google_X', 'Larry_Page') 1.0"", ""keyPerson('Google_Capital', 'Larry_Page') 1.0"", ""keyPerson('Google', 'Larry_Page') 1.0""]","[""not_keyPerson('Google_Inc.', 'Larry_Page') 1.0"", ""not_keyPerson('List_of_Google_products', 'Larry_Page') 1.0"", ""not_keyPerson('Google_Fiber', 'Larry_Page') 1.0"", ""not_keyPerson('Google_X', 'Larry_Page') 1.0"", ""not_keyPerson('Google_Capital', 'Larry_Page') 1.0"", ""not_keyPerson('Google', 'Larry_Page') 1.0""]"
192,"['Graham_Holdings_Company', 'Donald_E._Graham']","[""keyPerson('Graham_Holdings_Company', 'Donald_E._Graham') 1.0""]","[""not_keyPerson('Graham_Holdings_Company', 'Donald_E._Graham') 1.0""]"
69,"['GVK_(conglomerate)', 'Gunupati_Venkata_Krishna_Reddy']","[""keyPerson('GVK_(conglomerate)', 'Gunupati_Venkata_Krishna_Reddy') 1.0""]","[""not_keyPerson('GVK_(conglomerate)', 'Gunupati_Venkata_Krishna_Reddy') 1.0""]"
71,"['Halliburton', 'David_J._Lesar']","[""keyPerson('Halliburton', 'David_J._Lesar') 1.0"", ""keyPerson('David_J._Lesar__1', 'Erle_P._Halliburton') 1.0"", ""keyPerson('Erle_P._Halliburton', 'David_J._Lesar') 1.0"", ""keyPerson('David_J._Lesar', 'Erle_P._Halliburton') 1.0""]","[""not_keyPerson('Halliburton', 'David_J._Lesar') 1.0"", ""not_keyPerson('David_J._Lesar__1', 'Erle_P._Halliburton') 1.0"", ""not_keyPerson('Erle_P._Halliburton', 'David_J._Lesar') 1.0"", ""not_keyPerson('David_J._Lesar', 'Erle_P._Halliburton') 1.0""]"
53,"['Ericsson', 'Hans_Vestberg']","[""keyPerson('Lars_Magnus_Ericsson__1', 'Hans_Vestberg') 1.0"", ""keyPerson('Ericsson_Broadcast_and_Media_Services', 'Hans_Vestberg') 1.0"", ""keyPerson('Ericsson', 'Hans_Vestberg') 1.0"", ""keyPerson('Ericsson-LG', 'Hans_Vestberg') 1.0"", ""keyPerson('Hans_Vestberg__1', 'Lars_Magnus_Ericsson') 1.0""]","[""not_keyPerson('Hans_Vestberg', 'Lars_Magnus_Ericsson') 1.0"", ""not_keyPerson('Lars_Magnus_Ericsson', 'Hans_Vestberg') 1.0"", ""not_keyPerson('Lars_Magnus_Ericsson__1', 'Hans_Vestberg') 1.0"", ""not_keyPerson('Ericsson_Broadcast_and_Media_Services', 'Hans_Vestberg') 1.0"", ""not_keyPerson('Ericsson', 'Hans_Vestberg') 1.0"", ""not_keyPerson('Ericsson-LG', 'Hans_Vestberg') 1.0"", ""not_keyPerson('Hans_Vestberg__1', 'Lars_Magnus_Ericsson') 1.0""]"
72,"['HCL_Technologies', 'Anant_Gupta']","[""keyPerson('HCL_Technologies', 'Anant_Gupta') 1.0""]","[""not_keyPerson('HCL_Technologies', 'Anant_Gupta') 1.0""]"
74,"['Hindalco_Industries', 'Kumar_Mangalam_Birla']","[""keyPerson('Hindalco_Industries', 'Kumar_Mangalam_Birla') 1.0""]","[""not_keyPerson('Hindalco_Industries', 'Kumar_Mangalam_Birla') 1.0""]"
160,"['Temasek_Holdings', 'Ho_Ching']","[""keyPerson('Ho_Ching', 'Temasek_Holdings') 1.0"", ""keyPerson('Temasek_Holdings', 'Ho_Ching') 1.0""]","[""not_keyPerson('Ho_Ching', 'Temasek_Holdings') 1.0"", ""not_keyPerson('Temasek_Holdings', 'Ho_Ching') 1.0""]"
76,"['HSBC', 'Stuart_Gulliver']","[""keyPerson('HSBC_Holdings_plc', 'Stuart_Gulliver') 1.0"", ""keyPerson('HSBC_Group', 'Stuart_Gulliver') 1.0"", ""keyPerson('HSBC_Bank_India', 'Stuart_Gulliver') 1.0"", ""keyPerson('HSBC_Bank_(Europe)', 'Stuart_Gulliver') 1.0"", ""keyPerson('HSBC_Bank_Middle_East', 'Stuart_Gulliver') 1.0"", ""keyPerson('HSBC_Bank_USA', 'Stuart_Gulliver') 1.0"", ""keyPerson('HSBC_Bank_Malaysia', 'Stuart_Gulliver') 1.0"", ""keyPerson('HSBC', 'Stuart_Gulliver') 1.0"", ""keyPerson('HSBC_Finance', 'Stuart_Gulliver') 1.0"", ""keyPerson('HSBC_Mexico', 'Stuart_Gulliver') 1.0""]","[""not_keyPerson('HSBC_Holdings_plc', 'Stuart_Gulliver') 1.0"", ""not_keyPerson('HSBC_Group', 'Stuart_Gulliver') 1.0"", ""not_keyPerson('HSBC_Bank_Middle_East', 'Stuart_Gulliver') 1.0"", ""not_keyPerson('HSBC_Bank_(Europe)', 'Stuart_Gulliver') 1.0"", ""not_keyPerson('HSBC_Bank_USA', 'Stuart_Gulliver') 1.0"", ""not_keyPerson('HSBC_Bank_Malaysia', 'Stuart_Gulliver') 1.0"", ""not_keyPerson('HSBC', 'Stuart_Gulliver') 1.0"", ""not_keyPerson('HSBC_Finance', 'Stuart_Gulliver') 1.0"", ""not_keyPerson('HSBC_Mexico', 'Stuart_Gulliver') 1.0"", ""not_keyPerson('HSBC_Bank_India', 'Stuart_Gulliver') 1.0""]"
77,"['IGATE', 'Ashok_Vemuri']","[""keyPerson('IGATE', 'Ashok_Vemuri') 1.0""]","[""not_keyPerson('IGATE', 'Ashok_Vemuri') 1.0""]"
79,"['Infosys', 'Vishal_Sikka']","[""keyPerson('Infosys', 'Vishal_Sikka') 1.0"", ""keyPerson('Infosys_BPO_Limited', 'Vishal_Sikka') 1.0""]","[""not_keyPerson('Infosys', 'Vishal_Sikka') 1.0"", ""not_keyPerson('Infosys_BPO_Limited', 'Vishal_Sikka') 1.0""]"
80,"['Intel', 'Brian_Krzanich']","[""keyPerson('Intel', 'Brian_Krzanich') 1.0""]","[""not_keyPerson('Intel', 'Brian_Krzanich') 1.0""]"
168,"['The_Travelers_Companies', 'Jay_S._Fishman']","[""keyPerson('Jay_S._Fishman__1', 'The_Travelers_Companies') 1.0"", ""keyPerson('The_Travelers_Companies', 'Jay_S._Fishman') 1.0""]","[""not_keyPerson('Jay_S._Fishman', 'The_Travelers_Companies') 1.0"", ""not_keyPerson('The_Travelers_Companies', 'Jay_S._Fishman') 1.0"", ""not_keyPerson('Jay_S._Fishman__1', 'The_Travelers_Companies') 1.0""]"
163,"['Time_Warner', 'Jeff_Bewkes']","[""keyPerson('Jeff_Bewkes__1', 'Time_Warner') 1.0"", ""keyPerson('List_of_assets_owned_by_Time_Warner', 'Jeff_Bewkes') 1.0"", ""keyPerson('Jeff_Bewkes__1', 'Steve_Ross_(Time_Warner_CEO)') 1.0"", ""keyPerson('Time_Warner', 'Jeff_Bewkes') 1.0"", ""keyPerson('Steve_Ross_(Time_Warner_CEO)', 'Jeff_Bewkes') 1.0"", ""keyPerson('Steve_Ross_(Time_Warner_CEO)__1', 'Jeff_Bewkes') 1.0""]","[""not_keyPerson('Jeff_Bewkes__1', 'Time_Warner') 1.0"", ""not_keyPerson('Jeff_Bewkes', 'Time_Warner') 1.0"", ""not_keyPerson('List_of_assets_owned_by_Time_Warner', 'Jeff_Bewkes') 1.0"", ""not_keyPerson('Jeff_Bewkes', 'Steve_Ross_(Time_Warner_CEO)') 1.0"", ""not_keyPerson('Jeff_Bewkes__1', 'Steve_Ross_(Time_Warner_CEO)') 1.0"", ""not_keyPerson('Time_Warner', 'Jeff_Bewkes') 1.0"", ""not_keyPerson('Steve_Ross_(Time_Warner_CEO)', 'Jeff_Bewkes') 1.0"", ""not_keyPerson('Steve_Ross_(Time_Warner_CEO)__1', 'Jeff_Bewkes') 1.0""]"
9,"['Amazon.com', 'Jeff_Bezos']","[""keyPerson('Jeff_Bezos', 'Amazon.com') 1.0"", ""keyPerson('Amazon.com,_Inc.', 'Jeff_Bezos') 1.0"", ""keyPerson('Jeff_Bezos__1', 'Amazon.com') 1.0"", ""keyPerson('Amazon.com', 'Jeff_Bezos') 1.0""]","[""not_keyPerson('Jeff_Bezos__1', 'Amazon.com') 1.0"", ""not_keyPerson('Jeff_Bezos', 'Amazon.com') 1.0"", ""not_keyPerson('Amazon.com', 'Jeff_Bezos') 1.0"", ""not_keyPerson('Amazon.com,_Inc.', 'Jeff_Bezos') 1.0""]"
103,"['NBCUniversal', 'Jeff_Zucker']","[""keyPerson('Jeff_Zucker__1', 'NBCUniversal') 1.0"", ""keyPerson('NBCUniversal', 'Jeff_Zucker') 1.0"", ""keyPerson('NBCUniversal_Television_Group', 'Jeff_Zucker') 1.0"", ""keyPerson('NBCUniversal Television Group', 'Jeff_Zucker') 1.0"", ""keyPerson('Jeff_Zucker__1', 'NBCUniversal Telemundo Enterprises') 1.0"", ""keyPerson('NBCUniversal Telemundo Enterprises', 'Jeff_Zucker') 1.0"", ""keyPerson('Jeff_Zucker__1', 'NBCUniversal_Television_Group') 1.0"", ""keyPerson('NBCUniversal_Cable', 'Jeff_Zucker') 1.0"", ""keyPerson('NBCUniversal_Entertainment_Japan', 'Jeff_Zucker') 1.0"", ""keyPerson('Jeff_Zucker__1', 'NBCUniversal Television Group') 1.0""]","[""not_keyPerson('Jeff_Zucker__1', 'NBCUniversal') 1.0"", ""not_keyPerson('NBCUniversal', 'Jeff_Zucker') 1.0"", ""not_keyPerson('NBCUniversal_Television_Group', 'Jeff_Zucker') 1.0"", ""not_keyPerson('Jeff_Zucker', 'NBCUniversal Telemundo Enterprises') 1.0"", ""not_keyPerson('NBCUniversal_Cable', 'Jeff_Zucker') 1.0"", ""not_keyPerson('NBCUniversal Television Group', 'Jeff_Zucker') 1.0"", ""not_keyPerson('Jeff_Zucker', 'NBCUniversal Television Group') 1.0"", ""not_keyPerson('Jeff_Zucker', 'NBCUniversal') 1.0"", ""not_keyPerson('Jeff_Zucker', 'NBCUniversal_Television_Group') 1.0"", ""not_keyPerson('Jeff_Zucker__1', 'NBCUniversal Telemundo Enterprises') 1.0"", ""not_keyPerson('NBCUniversal Telemundo Enterprises', 'Jeff_Zucker') 1.0"", ""not_keyPerson('Jeff_Zucker__1', 'NBCUniversal_Television_Group') 1.0"", ""not_keyPerson('NBCUniversal_Entertainment_Japan', 'Jeff_Zucker') 1.0"", ""not_keyPerson('Jeff_Zucker__1', 'NBCUniversal Television Group') 1.0""]"
62,"['General_Electric', 'Jeffrey_R._Immelt']","[""keyPerson('General_Electric_Company_plc', 'Jeffrey_R._Immelt') 1.0"", ""keyPerson('General_Electric', 'Jeffrey_R._Immelt') 1.0""]","[""not_keyPerson('Jeffrey_R._Immelt', 'General_Electric_Company_plc') 1.0"", ""not_keyPerson('General_Electric_Company_plc', 'Jeffrey_R._Immelt') 1.0"", ""not_keyPerson('Jeffrey_R._Immelt', 'General_Electric') 1.0"", ""not_keyPerson('General_Electric', 'Jeffrey_R._Immelt') 1.0""]"
84,"['Kaplan,_Inc.', 'Andrew_S._Rosen']","[""keyPerson('Kaplan,_Inc.', 'Andrew_S._Rosen') 1.0""]","[""not_keyPerson('Kaplan,_Inc.', 'Andrew_S._Rosen') 1.0""]"
11,"['American_Express', 'Kenneth_Chenault']","[""keyPerson('American_Express', 'Kenneth_Chenault') 1.0""]","[""not_keyPerson('Kenneth_Chenault', 'American_Express') 1.0"", ""not_keyPerson('American_Express', 'Kenneth_Chenault') 1.0""]"
85,"['Kingdom_Holding_Company', 'Al-Waleed_bin_Talal']","[""keyPerson('Kingdom_Holding_Company', 'Al-Waleed_bin_Talal') 1.0""]","[""not_keyPerson('Kingdom_Holding_Company', 'Al-Waleed_bin_Talal') 1.0""]"
49,"['Kodak', 'Jeff_Clarke_(businessman)']","[""keyPerson('Kodak', 'Jeff_Clarke_(businessman)') 1.0"", ""keyPerson('Jeff_Clarke_(businessman)__1', 'Kodak') 1.0"", ""keyPerson('Photography pioneer, Founder of Eastman Kodak', 'Jeff_Clarke_(businessman)') 1.0""]","[""not_keyPerson('Kodak', 'Jeff_Clarke_(businessman)') 1.0"", ""not_keyPerson('Jeff_Clarke_(businessman)__1', 'Kodak') 1.0"", ""not_keyPerson('Photography pioneer, Founder of Eastman Kodak', 'Jeff_Clarke_(businessman)') 1.0"", ""not_keyPerson('Jeff_Clarke_(businessman)', 'Kodak') 1.0""]"
87,"['Lanco_Infratech', 'Madhusudhan_Rao_Lagadapati']","[""keyPerson('Lanco_Infratech', 'Madhusudhan_Rao_Lagadapati') 1.0""]","[""not_keyPerson('Lanco_Infratech', 'Madhusudhan_Rao_Lagadapati') 1.0""]"
86,"['Land_Securities', 'Robert_Noel_(businessman)']","[""keyPerson('Land_Securities', 'Robert_Noel_(businessman)') 1.0""]","[""not_keyPerson('Land_Securities', 'Robert_Noel_(businessman)') 1.0""]"
88,"['Las_Vegas_Sands', 'Sheldon_Adelson']","[""keyPerson('Las_Vegas_Sands', 'Sheldon_Adelson') 1.0""]","[""not_keyPerson('Las_Vegas_Sands', 'Sheldon_Adelson') 1.0""]"
34,"['CBS_Corporation', 'Leslie_Moonves']","[""keyPerson('CBS_Corporation', 'Leslie_Moonves') 1.0"", ""keyPerson('Leslie_Moonves__1', 'CBS_Corporation') 1.0"", ""keyPerson('Leslie_Moonves', 'CBS_Corporation') 1.0""]","[""not_keyPerson('Leslie_Moonves__1', 'CBS_Corporation') 1.0"", ""not_keyPerson('Leslie_Moonves', 'CBS_Corporation') 1.0"", ""not_keyPerson('CBS_Corporation', 'Leslie_Moonves') 1.0""]"
21,"['Berkshire_Hathaway', 'Warren_Buffett']","[""keyPerson('List_of_assets_owned_by_Berkshire_Hathaway', 'Warren_Buffett_VCSSGOC') 1.0"", ""keyPerson('Berkshire_Hathaway', 'Warren_Buffett_VCSSGOC') 1.0"", ""keyPerson('Berkshire_Hathaway', 'Warren_Buffett') 1.0"", ""keyPerson('List_of_assets_owned_by_Berkshire_Hathaway', 'Warren_Buffett') 1.0""]","[""not_keyPerson('List_of_assets_owned_by_Berkshire_Hathaway', 'Warren_Buffett_VCSSGOC') 1.0"", ""not_keyPerson('Berkshire_Hathaway', 'Warren_Buffett_VCSSGOC') 1.0"", ""not_keyPerson('Berkshire_Hathaway', 'Warren_Buffett') 1.0"", ""not_keyPerson('List_of_assets_owned_by_Berkshire_Hathaway', 'Warren_Buffett') 1.0""]"
114,"['PepsiCo', 'Indra_Nooyi']","[""keyPerson('PepsiCo', 'Indra_Nooyi') 1.0"", ""keyPerson('List_of_assets_owned_by_PepsiCo', 'Indra_Nooyi') 1.0""]","[""not_keyPerson('List_of_assets_owned_by_PepsiCo', 'Indra_Nooyi') 1.0"", ""not_keyPerson('PepsiCo', 'Indra_Nooyi') 1.0""]"
37,"['The_Coca-Cola_Company', 'Muhtar_Kent']","[""keyPerson('List_of_assets_owned_by_The_Coca-Cola_Company', 'Muhtar_Kent') 1.0"", ""keyPerson('The_Coca-Cola_Company', 'Muhtar_Kent') 1.0""]","[""not_keyPerson('List_of_assets_owned_by_The_Coca-Cola_Company', 'Muhtar_Kent') 1.0"", ""not_keyPerson('The_Coca-Cola_Company', 'Muhtar_Kent') 1.0""]"
89,"['Lockheed_Martin', 'Marillyn_Hewson']","[""keyPerson('Lockheed_Martin_UK', 'Marillyn_Hewson') 1.0"", ""keyPerson('Lockheed_Martin_Canada', 'Marillyn_Hewson') 1.0"", ""keyPerson('Marillyn_Hewson__1', 'Lockheed_Martin') 1.0"", ""keyPerson('Lockheed_Martin', 'Marillyn_Hewson') 1.0"", ""keyPerson('Marillyn_Hewson', 'Lockheed_Martin') 1.0""]","[""not_keyPerson('Lockheed_Martin_UK', 'Marillyn_Hewson') 1.0"", ""not_keyPerson('Lockheed_Martin_Canada', 'Marillyn_Hewson') 1.0"", ""not_keyPerson('Marillyn_Hewson__1', 'Lockheed_Martin') 1.0"", ""not_keyPerson('Lockheed_Martin', 'Marillyn_Hewson') 1.0"", ""not_keyPerson('Marillyn_Hewson', 'Lockheed_Martin') 1.0""]"
75,"['Honeywell', 'David_M._Cote']","[""keyPerson('Honeywell', 'David_M._Cote') 1.0"", ""keyPerson('Mark_C._Honeywell', 'David_M._Cote') 1.0""]","[""not_keyPerson('Mark_C._Honeywell', 'David_M._Cote') 1.0"", ""not_keyPerson('David_M._Cote', 'Mark_C._Honeywell') 1.0"", ""not_keyPerson('Honeywell', 'David_M._Cote') 1.0"", ""not_keyPerson('David_M._Cote', 'Honeywell') 1.0""]"
73,"['Hewlett-Packard', 'Meg_Whitman']","[""keyPerson('Meg_Whitman', 'Hewlett-Packard') 1.0"", ""keyPerson('List_of_acquisitions_by_Hewlett-Packard', 'Meg_Whitman') 1.0"", ""keyPerson('Hewlett-Packard', 'Meg_Whitman') 1.0"", ""keyPerson('List_of_Hewlett-Packard_products', 'Meg_Whitman') 1.0""]","[""not_keyPerson('Meg_Whitman', 'Hewlett-Packard') 1.0"", ""not_keyPerson('List_of_acquisitions_by_Hewlett-Packard', 'Meg_Whitman') 1.0"", ""not_keyPerson('Hewlett-Packard', 'Meg_Whitman') 1.0"", ""not_keyPerson('List_of_Hewlett-Packard_products', 'Meg_Whitman') 1.0""]"
91,"['Mercedes-Benz', 'Dieter_Zetsche']","[""keyPerson('Mercedes-Benz_S-Class', 'Dieter_Zetsche') 1.0"", ""keyPerson('Dieter_Zetsche__1', 'Mercedes-Benz_S-Class') 1.0"", ""keyPerson('Dieter_Zetsche__1', 'Mercedes-Benz') 1.0"", ""keyPerson('Mercedes-Benz', 'Dieter_Zetsche') 1.0""]","[""not_keyPerson('Mercedes-Benz_S-Class', 'Dieter_Zetsche') 1.0"", ""not_keyPerson('Dieter_Zetsche__1', 'Mercedes-Benz_S-Class') 1.0"", ""not_keyPerson('Dieter_Zetsche', 'Mercedes-Benz_S-Class') 1.0"", ""not_keyPerson('Dieter_Zetsche__1', 'Mercedes-Benz') 1.0"", ""not_keyPerson('Dieter_Zetsche', 'Mercedes-Benz') 1.0"", ""not_keyPerson('Mercedes-Benz', 'Dieter_Zetsche') 1.0""]"
92,"['Merrill_Lynch', 'John_Thain']","[""keyPerson('Merrill_Lynch', 'John_Thain') 1.0"", ""keyPerson('Bank_of_America_Merrill_Lynch', 'John_Thain') 1.0""]","[""not_keyPerson('Merrill_Lynch', 'John_Thain') 1.0"", ""not_keyPerson('Bank_of_America_Merrill_Lynch', 'John_Thain') 1.0"", ""not_keyPerson('John_Thain', 'Bank_of_America_Merrill_Lynch') 1.0""]"
93,"['MetLife', 'C._Robert_Henrikson']","[""keyPerson('MetLife', 'C._Robert_Henrikson') 1.0""]","[""not_keyPerson('MetLife', 'C._Robert_Henrikson') 1.0""]"
94,"['MGA_Entertainment', 'Isaac_Larian']","[""keyPerson('MGA_Entertainment', 'Isaac_Larian') 1.0""]","[""not_keyPerson('MGA_Entertainment', 'Isaac_Larian') 1.0""]"
96,"['Mile_High_Comics', 'Chuck_Rozanski']","[""keyPerson('Mile_High_Comics', 'Chuck_Rozanski') 1.0""]","[""not_keyPerson('Mile_High_Comics', 'Chuck_Rozanski') 1.0""]"
97,"['Mindtree', 'Krishnakumar_Natarajan']","[""keyPerson('Mindtree', 'Krishnakumar_Natarajan') 1.0""]","[""not_keyPerson('Mindtree', 'Krishnakumar_Natarajan') 1.0""]"
98,"['Morgan_Stanley', 'James_P._Gorman']","[""keyPerson('Morgan_Stanley_Building', 'James_P._Gorman') 1.0"", ""keyPerson('Morgan_Stanley', 'James_P._Gorman') 1.0""]","[""not_keyPerson('Morgan_Stanley', 'James_P._Gorman') 1.0"", ""not_keyPerson('Morgan_Stanley_Building', 'James_P._Gorman') 1.0""]"
70,"['Mossy_Oak', 'Toxey_Haas']","[""keyPerson('Mossy_Oak', 'Toxey_Haas') 1.0""]","[""not_keyPerson('Mossy_Oak', 'Toxey_Haas') 1.0""]"
99,"['Motorola', 'Greg_Brown_(businessman)']","[""keyPerson('Motorola', 'Greg_Brown_(businessman)') 1.0"", ""keyPerson('Motorola_Solutions', 'Greg_Brown_(businessman)') 1.0"", ""keyPerson('Motorola_Mobility', 'Greg_Brown_(businessman)') 1.0""]","[""not_keyPerson('Motorola', 'Greg_Brown_(businessman)') 1.0"", ""not_keyPerson('Greg_Brown_(businessman)', 'Motorola') 1.0"", ""not_keyPerson('Motorola_Mobility', 'Greg_Brown_(businessman)') 1.0"", ""not_keyPerson('Greg_Brown_(businessman)', 'Motorola_Solutions') 1.0"", ""not_keyPerson('Greg_Brown_(businessman)', 'Motorola_Mobility') 1.0"", ""not_keyPerson('Motorola_Solutions', 'Greg_Brown_(businessman)') 1.0""]"
100,"['Mozilla', 'Mitchell_Baker']","[""keyPerson('Mozilla_Corporation', 'Mitchell_Baker') 1.0"", ""keyPerson('Mozilla_Thunderbird', 'Mitchell_Baker') 1.0"", ""keyPerson('Mozilla', 'Mitchell_Baker') 1.0"", ""keyPerson('Mozilla_Foundation', 'Mitchell_Baker') 1.0"", ""keyPerson('Mozilla_Application_Suite', 'Mitchell_Baker') 1.0"", ""keyPerson('List_of_Mozilla_products', 'Mitchell_Baker') 1.0""]","[""not_keyPerson('Mozilla_Corporation', 'Mitchell_Baker') 1.0"", ""not_keyPerson('Mozilla_Application_Suite', 'Mitchell_Baker') 1.0"", ""not_keyPerson('Mozilla_Thunderbird', 'Mitchell_Baker') 1.0"", ""not_keyPerson('Mozilla', 'Mitchell_Baker') 1.0"", ""not_keyPerson('Mozilla_Foundation', 'Mitchell_Baker') 1.0"", ""not_keyPerson('List_of_Mozilla_products', 'Mitchell_Baker') 1.0""]"
101,"['Nation_Media_Group', 'Wilfred_Kiboro']","[""keyPerson('Nation_Media_Group', 'Wilfred_Kiboro') 1.0""]","[""not_keyPerson('Nation_Media_Group', 'Wilfred_Kiboro') 1.0""]"
102,"['National_Amusements', 'Sumner_Redstone']","[""keyPerson('National_Amusements', 'Sumner_Redstone') 1.0"", ""keyPerson('Sumner_Redstone__1', 'National_Amusements') 1.0"", ""keyPerson('Sumner_Redstone', 'National_Amusements') 1.0""]","[""not_keyPerson('National_Amusements', 'Sumner_Redstone') 1.0"", ""not_keyPerson('Sumner_Redstone__1', 'National_Amusements') 1.0"", ""not_keyPerson('Sumner_Redstone', 'National_Amusements') 1.0""]"
105,"['NIIT', 'Vijay_K._Thadani']","[""keyPerson('NIIT', 'Vijay_K._Thadani') 1.0""]","[""not_keyPerson('NIIT', 'Vijay_K._Thadani') 1.0""]"
107,"['Nokia', 'Rajeev_Suri']","[""keyPerson('Nokia_Technologies', 'Rajeev_Suri') 1.0"", ""keyPerson('Nokia', 'Rajeev_Suri') 1.0"", ""keyPerson('List_of_Nokia_products', 'Rajeev_Suri') 1.0"", ""keyPerson('Nokia_Networks', 'Rajeev_Suri') 1.0"", ""keyPerson('Nokia_Bell_Labs', 'Rajeev_Suri') 1.0""]","[""not_keyPerson('Nokia_Technologies', 'Rajeev_Suri') 1.0"", ""not_keyPerson('Nokia', 'Rajeev_Suri') 1.0"", ""not_keyPerson('List_of_Nokia_products', 'Rajeev_Suri') 1.0"", ""not_keyPerson('Nokia_Networks', 'Rajeev_Suri') 1.0"", ""not_keyPerson('Nokia_Bell_Labs', 'Rajeev_Suri') 1.0""]"
108,"['Nortel', 'Mike_S._Zafirovski']","[""keyPerson('Nortel', 'Mike_S._Zafirovski') 1.0""]","[""not_keyPerson('Nortel', 'Mike_S._Zafirovski') 1.0""]"
109,"['Novartis', 'Daniel_Vasella']","[""keyPerson('Novartis', 'Daniel_Vasella') 1.0""]","[""not_keyPerson('Novartis', 'Daniel_Vasella') 1.0""]"
111,"['Oracle_Corporation', 'Larry_Ellison']","[""keyPerson('Oracle_Corporation', 'Larry_Ellison') 1.0""]","[""not_keyPerson('Oracle_Corporation', 'Larry_Ellison') 1.0""]"
113,"['Outback_Steakhouse', 'Chris_T._Sullivan']","[""keyPerson('Outback_Steakhouse', 'Chris_T._Sullivan') 1.0""]","[""not_keyPerson('Outback_Steakhouse', 'Chris_T._Sullivan') 1.0""]"
1,"['Accenture', 'Pierre_Nanterme']","[""keyPerson('Accenture', 'Pierre_Nanterme') 1.0""]","[""not_keyPerson('Pierre_Nanterme', 'Accenture') 1.0"", ""not_keyPerson('Accenture', 'Pierre_Nanterme') 1.0""]"
115,"['Pizza_Hut', 'David_C._Novak']","[""keyPerson('Pizza_Hut', 'David_C._Novak') 1.0""]","[""not_keyPerson('Pizza_Hut', 'David_C._Novak') 1.0""]"
116,"['Playboy_Enterprises', 'Christie_Hefner']","[""keyPerson('Playboy_Enterprises', 'Christie_Hefner') 1.0""]","[""not_keyPerson('Playboy_Enterprises', 'Christie_Hefner') 1.0""]"
120,"['Qantas', 'Alan_Joyce_(executive)']","[""keyPerson('Qantas_Freight', 'Alan_Joyce_(executive)') 1.0"", ""keyPerson('Qantas', 'Alan_Joyce_(executive)') 1.0"", ""keyPerson('QantasLink', 'Alan_Joyce_(executive)') 1.0""]","[""not_keyPerson('Qantas_Freight', 'Alan_Joyce_(executive)') 1.0"", ""not_keyPerson('Qantas', 'Alan_Joyce_(executive)') 1.0"", ""not_keyPerson('QantasLink', 'Alan_Joyce_(executive)') 1.0""]"
117,"['Ralph_Lauren_Corporation', 'Ralph_Lauren']","[""keyPerson('Ralph_Lauren_Corporation', 'Paul Arrouet') 1.0"", ""keyPerson('Ralph_Lauren_Corporation', 'Lauren_Bush-Lauren') 1.0"", ""keyPerson('Ralph_Lauren_Corporation', 'Joe_Mimran') 1.0"", ""keyPerson('Ralph_Lauren_Corporation', 'Stefan_Larsson_(businessman)') 1.0"", ""keyPerson('Ralph_Lauren_Corporation', 'Ralph_Lauren') 1.0"", ""keyPerson('Ralph_Lauren_Corporation', 'Dylan_Lauren') 1.0"", ""keyPerson('Ralph_Lauren_Corporation', 'David_Lauren') 1.0"", ""keyPerson('Ralph_Lauren_Corporation', 'Alfred_Sung') 1.0""]","[""not_keyPerson('Ralph_Lauren_Corporation', 'Paul Arrouet') 1.0"", ""not_keyPerson('Ralph_Lauren_Corporation', 'Lauren_Bush-Lauren') 1.0"", ""not_keyPerson('Ralph_Lauren_Corporation', 'Joe_Mimran') 1.0"", ""not_keyPerson('Ralph_Lauren_Corporation', 'Stefan_Larsson_(businessman)') 1.0"", ""not_keyPerson('Ralph_Lauren_Corporation', 'Ralph_Lauren') 1.0"", ""not_keyPerson('Ralph_Lauren_Corporation', 'Dylan_Lauren') 1.0"", ""not_keyPerson('Ralph_Lauren_Corporation', 'David_Lauren') 1.0"", ""not_keyPerson('Ralph_Lauren_Corporation', 'Alfred_Sung') 1.0""]"
122,"['Reliance_Anil_Dhirubhai_Ambani_Group', 'Anil_Ambani']","[""keyPerson('Reliance_Anil_Dhirubhai_Ambani_Group', 'Anil_Ambani') 1.0""]","[""not_keyPerson('Reliance_Anil_Dhirubhai_Ambani_Group', 'Anil_Ambani') 1.0""]"
123,"['Reliance_Industries', 'Mukesh_Ambani']","[""keyPerson('Reliance_Industries', 'Mukesh_Ambani') 1.0""]","[""not_keyPerson('Reliance_Industries', 'Mukesh_Ambani') 1.0""]"
121,"['Qwest', 'Richard_Notebaert']","[""keyPerson('Qwest_Wireless', 'Richard_Notebaert') 1.0"", ""keyPerson('Richard_Notebaert__1', 'Qwest') 1.0"", ""keyPerson('Richard_Notebaert__1', 'Qwest_Corporation') 1.0"", ""keyPerson('Qwest', 'Richard_Notebaert') 1.0"", ""keyPerson('Qwest_Corporation', 'Richard_Notebaert') 1.0""]","[""not_keyPerson('Richard_Notebaert__1', 'Qwest') 1.0"", ""not_keyPerson('Qwest_Wireless', 'Richard_Notebaert') 1.0"", ""not_keyPerson('Richard_Notebaert__1', 'Qwest_Corporation') 1.0"", ""not_keyPerson('Qwest', 'Richard_Notebaert') 1.0"", ""not_keyPerson('Richard_Notebaert', 'Qwest_Corporation') 1.0"", ""not_keyPerson('Richard_Notebaert', 'Qwest') 1.0"", ""not_keyPerson('Qwest_Corporation', 'Richard_Notebaert') 1.0""]"
125,"['Rocawear', 'Jay_Z']","[""keyPerson('Rocawear', 'Jay_Z') 1.0""]","[""not_keyPerson('Rocawear', 'Jay_Z') 1.0""]"
127,"['Royal_Bank_of_Canada', 'Gordon_Nixon']","[""keyPerson('Royal_Bank_of_Canada', 'Gordon_Nixon') 1.0""]","[""not_keyPerson('Royal_Bank_of_Canada', 'Gordon_Nixon') 1.0""]"
129,"['Royal_Dutch_Shell', 'Ben_van_Beurden']","[""keyPerson('Royal_Dutch_Shell', 'Ben_van_Beurden') 1.0""]","[""not_keyPerson('Royal_Dutch_Shell', 'Ben_van_Beurden') 1.0""]"
104,"['News_Corporation', 'Rupert_Murdoch']","[""keyPerson('Rupert_Murdoch__1', 'News_Corporation') 1.0"", ""keyPerson('Rupert_Murdoch', 'News_Corporation') 1.0"", ""keyPerson('News_Corporation', 'Rupert_Murdoch') 1.0""]","[""not_keyPerson('Rupert_Murdoch__1', 'News_Corporation') 1.0"", ""not_keyPerson('Rupert_Murdoch', 'News_Corporation') 1.0"", ""not_keyPerson('News_Corporation', 'Rupert_Murdoch') 1.0""]"
132,"['Samsung', 'Lee_Kun-hee']","[""keyPerson('Samsung_Group', 'Lee_Kun-hee') 1.0"", ""keyPerson('Lee_Kun-hee__1', 'Samsung_Electronics') 1.0"", ""keyPerson('Samsung_Life_Insurance', 'Lee_Kun-hee') 1.0"", ""keyPerson('Samsung_Fire_&_Marine_Insurance', 'Lee_Kun-hee') 1.0"", ""keyPerson('Samsung', 'Lee_Kun-hee') 1.0"", ""keyPerson('Samsung_Telecommunications', 'Lee_Kun-hee') 1.0"", ""keyPerson('Samsung_Medison', 'Lee_Kun-hee') 1.0"", ""keyPerson('Samsung_C&T_Corporation', 'Lee_Kun-hee') 1.0"", ""keyPerson('Samsung_Sports', 'Lee_Kun-hee') 1.0"", ""keyPerson('Lee_Kun-hee__1', 'Samsung_Life_Insurance') 1.0"", ""keyPerson('Samsung_Heavy_Industries', 'Lee_Kun-hee') 1.0"", ""keyPerson('Samsung_Electronics', 'Lee_Kun-hee') 1.0"", ""keyPerson('Samsung_SDS', 'Lee_Kun-hee') 1.0""]","[""not_keyPerson('Samsung_Group', 'Lee_Kun-hee') 1.0"", ""not_keyPerson('Lee_Kun-hee__1', 'Samsung_Electronics') 1.0"", ""not_keyPerson('Samsung_Life_Insurance', 'Lee_Kun-hee') 1.0"", ""not_keyPerson('Samsung_Electronics', 'Lee_Kun-hee') 1.0"", ""not_keyPerson('Samsung_Fire_&_Marine_Insurance', 'Lee_Kun-hee') 1.0"", ""not_keyPerson('Samsung', 'Lee_Kun-hee') 1.0"", ""not_keyPerson('Samsung_Telecommunications', 'Lee_Kun-hee') 1.0"", ""not_keyPerson('Lee_Kun-hee', 'Samsung_Life_Insurance') 1.0"", ""not_keyPerson('Samsung_Medison', 'Lee_Kun-hee') 1.0"", ""not_keyPerson('Lee_Kun-hee', 'Samsung_Electronics') 1.0"", ""not_keyPerson('Samsung_C&T_Corporation', 'Lee_Kun-hee') 1.0"", ""not_keyPerson('Samsung_Sports', 'Lee_Kun-hee') 1.0"", ""not_keyPerson('Lee_Kun-hee__1', 'Samsung_Life_Insurance') 1.0"", ""not_keyPerson('Samsung_SDS', 'Lee_Kun-hee') 1.0"", ""not_keyPerson('Samsung_Heavy_Industries', 'Lee_Kun-hee') 1.0""]"
133,"['SAP_SE', 'Bill_McDermott']","[""keyPerson('SAP_SE', 'Bill_McDermott') 1.0""]","[""not_keyPerson('SAP_SE', 'Bill_McDermott') 1.0""]"
134,"['SAS_Institute', 'James_Goodnight']","[""keyPerson('SAS_Institute', 'James_Goodnight') 1.0""]","[""not_keyPerson('SAS_Institute', 'James_Goodnight') 1.0""]"
110,"['Nintendo', 'Satoru_Iwata']","[""keyPerson('Satoru_Iwata', 'Nintendo_System_Development') 1.0"", ""keyPerson('Nintendo_Integrated_Research_&_Development', 'Satoru_Iwata') 1.0"", ""keyPerson('Satoru_Iwata', 'Nintendo_Integrated_Research_&_Development') 1.0"", ""keyPerson('Lists_of_Nintendo_games', 'Satoru_Iwata') 1.0"", ""keyPerson('Satoru_Iwata', 'Nintendo') 1.0"", ""keyPerson('Satoru_Iwata', 'Nintendo_Network') 1.0"", ""keyPerson('Nintendo_Entertainment_Analysis_&_Development', 'Satoru_Iwata') 1.0"", ""keyPerson('Nintendo_System_Development', 'Satoru_Iwata') 1.0"", ""keyPerson('Satoru_Iwata', 'Nintendo_Entertainment_Analysis_&_Development') 1.0"", ""keyPerson('Nintendo_Entertainment_Planning_&_Development', 'Satoru_Iwata') 1.0"", ""keyPerson('Nintendo_Wi-Fi_Connection', 'Satoru_Iwata') 1.0"", ""keyPerson('Satoru_Iwata', 'Nintendo_Entertainment_Planning_&_Development') 1.0"", ""keyPerson('Founder of Nintendo', 'Satoru_Iwata') 1.0"", ""keyPerson('Satoru_Iwata', 'Nintendo_Platform_Technology_Development') 1.0"", ""keyPerson('Nintendo_Software_Technology', 'Satoru_Iwata') 1.0"", ""keyPerson('Satoru_Iwata', 'Nintendo_Software_Planning_&_Development') 1.0"", ""keyPerson('Satoru_Iwata', 'Nintendo_Wi-Fi_Connection') 1.0"", ""keyPerson('Nintendo_Technology_Development', 'Satoru_Iwata') 1.0"", ""keyPerson('Nintendo', 'Satoru_Iwata') 1.0"", ""keyPerson('Nintendo_European_Research_&_Development', 'Satoru_Iwata') 1.0"", ""keyPerson('Nintendo_Software_Planning_&_Development', 'Satoru_Iwata') 1.0"", ""keyPerson('Nintendo_Network', 'Satoru_Iwata') 1.0"", ""keyPerson('Nintendo_Network_Service_Database', 'Satoru_Iwata') 1.0"", ""keyPerson('Nintendo_Platform_Technology_Development', 'Satoru_Iwata') 1.0""]","[""not_keyPerson('Satoru_Iwata', 'Nintendo_System_Development') 1.0"", ""not_keyPerson('Nintendo_Integrated_Research_&_Development', 'Satoru_Iwata') 1.0"", ""not_keyPerson('Satoru_Iwata', 'Nintendo_Integrated_Research_&_Development') 1.0"", ""not_keyPerson('Lists_of_Nintendo_games', 'Satoru_Iwata') 1.0"", ""not_keyPerson('Satoru_Iwata', 'Nintendo') 1.0"", ""not_keyPerson('Satoru_Iwata', 'Nintendo_Network') 1.0"", ""not_keyPerson('Nintendo_Entertainment_Analysis_&_Development', 'Satoru_Iwata') 1.0"", ""not_keyPerson('Nintendo_Network', 'Satoru_Iwata') 1.0"", ""not_keyPerson('Nintendo_System_Development', 'Satoru_Iwata') 1.0"", ""not_keyPerson('Nintendo_Software_Planning_&_Development', 'Satoru_Iwata') 1.0"", ""not_keyPerson('Satoru_Iwata', 'Nintendo_Entertainment_Analysis_&_Development') 1.0"", ""not_keyPerson('Nintendo_Entertainment_Planning_&_Development', 'Satoru_Iwata') 1.0"", ""not_keyPerson('Nintendo_Wi-Fi_Connection', 'Satoru_Iwata') 1.0"", ""not_keyPerson('Satoru_Iwata', 'Nintendo_Entertainment_Planning_&_Development') 1.0"", ""not_keyPerson('Nintendo_eShop', 'Satoru_Iwata') 1.0"", ""not_keyPerson('Founder of Nintendo', 'Satoru_Iwata') 1.0"", ""not_keyPerson('Satoru_Iwata', 'Nintendo_Platform_Technology_Development') 1.0"", ""not_keyPerson('Nintendo_Software_Technology', 'Satoru_Iwata') 1.0"", ""not_keyPerson('Satoru_Iwata', 'Nintendo_Wi-Fi_Connection') 1.0"", ""not_keyPerson('Nintendo_Technology_Development', 'Satoru_Iwata') 1.0"", ""not_keyPerson('Nintendo', 'Satoru_Iwata') 1.0"", ""not_keyPerson('Nintendo_European_Research_&_Development', 'Satoru_Iwata') 1.0"", ""not_keyPerson('Satoru_Iwata', 'Nintendo_Software_Planning_&_Development') 1.0"", ""not_keyPerson('Nintendo_Network_Service_Database', 'Satoru_Iwata') 1.0"", ""not_keyPerson('Nintendo_Platform_Technology_Development', 'Satoru_Iwata') 1.0""]"
95,"['Microsoft', 'Satya_Nadella']","[""keyPerson('Satya_Nadella__1', 'Microsoft') 1.0"", ""keyPerson('Microsoft_Developer_Network', 'Satya_Nadella') 1.0"", ""keyPerson('Microsoft_Windows', 'Satya_Nadella') 1.0"", ""keyPerson('Microsoft_Mobile', 'Satya_Nadella') 1.0"", ""keyPerson('Microsoft', 'Satya_Nadella') 1.0"", ""keyPerson('Microsoft_Servers', 'Satya_Nadella') 1.0"", ""keyPerson('Microsoft_Corporation', 'Satya_Nadella') 1.0"", ""keyPerson('Microsoft_Redmond_campus', 'Satya_Nadella') 1.0"", ""keyPerson('Microsoft_Surface', 'Satya_Nadella') 1.0"", ""keyPerson('List_of_mergers_and_acquisitions_by_Microsoft', 'Satya_Nadella') 1.0"", ""keyPerson('Microsoft_Azure', 'Satya_Nadella') 1.0"", ""keyPerson('List_of_Microsoft_software', 'Satya_Nadella') 1.0"", ""keyPerson('Microsoft_Dynamics', 'Satya_Nadella') 1.0"", ""keyPerson('Microsoft_Visual_Studio', 'Satya_Nadella') 1.0"", ""keyPerson('Microsoft_Office', 'Satya_Nadella') 1.0"", ""keyPerson('Microsoft_TechNet', 'Satya_Nadella') 1.0"", ""keyPerson('Satya_Nadella__1', 'Microsoft_Mobile') 1.0""]","[""not_keyPerson('Satya_Nadella', 'Microsoft') 1.0"", ""not_keyPerson('Satya_Nadella__1', 'Microsoft') 1.0"", ""not_keyPerson('Microsoft_Windows', 'Satya_Nadella') 1.0"", ""not_keyPerson('Microsoft_Office', 'Satya_Nadella') 1.0"", ""not_keyPerson('Microsoft_TechNet', 'Satya_Nadella') 1.0"", ""not_keyPerson('Satya_Nadella__1', 'Microsoft_Mobile') 1.0"", ""not_keyPerson('Microsoft_Mobile', 'Satya_Nadella') 1.0"", ""not_keyPerson('Microsoft', 'Satya_Nadella') 1.0"", ""not_keyPerson('Microsoft_Servers', 'Satya_Nadella') 1.0"", ""not_keyPerson('Microsoft_Corporation', 'Satya_Nadella') 1.0"", ""not_keyPerson('Microsoft_Redmond_campus', 'Satya_Nadella') 1.0"", ""not_keyPerson('Microsoft_Surface', 'Satya_Nadella') 1.0"", ""not_keyPerson('List_of_mergers_and_acquisitions_by_Microsoft', 'Satya_Nadella') 1.0"", ""not_keyPerson('Microsoft_Azure', 'Satya_Nadella') 1.0"", ""not_keyPerson('Microsoft_Developer_Network', 'Satya_Nadella') 1.0"", ""not_keyPerson('Microsoft_Dynamics', 'Satya_Nadella') 1.0"", ""not_keyPerson('List_of_Microsoft_software', 'Satya_Nadella') 1.0"", ""not_keyPerson('Microsoft_Visual_Studio', 'Satya_Nadella') 1.0"", ""not_keyPerson('Satya_Nadella', 'Microsoft_Mobile') 1.0""]"
135,"['Sbarro', 'James_J._Greco']","[""keyPerson('Sbarro', 'James_J._Greco') 1.0"", ""keyPerson('Sbarro_restaurant_suicide_bombing', 'James_J._Greco') 1.0""]","[""not_keyPerson('Sbarro', 'James_J._Greco') 1.0"", ""not_keyPerson('Sbarro_restaurant_suicide_bombing', 'James_J._Greco') 1.0""]"
137,"['Seagate_Technology', 'Stephen_J._Luczo']","[""keyPerson('Seagate_Technology', 'Stephen_J._Luczo') 1.0""]","[""not_keyPerson('Seagate_Technology', 'Stephen_J._Luczo') 1.0""]"
64,"['GlaxoSmithKline', 'Andrew_Witty']","[""keyPerson('Sir_Andrew_Witty', 'GlaxoSmithKline') 1.0"", ""keyPerson('Andrew_Witty__1', 'GlaxoSmithKline') 1.0"", ""keyPerson('Andrew_Witty', 'GlaxoSmithKline') 1.0"", ""keyPerson('GlaxoSmithKline', 'Andrew_Witty') 1.0"", ""keyPerson('GlaxoSmithKline', 'Sir_Andrew_Witty') 1.0""]","[""not_keyPerson('Sir_Andrew_Witty', 'GlaxoSmithKline') 1.0"", ""not_keyPerson('Andrew_Witty__1', 'GlaxoSmithKline') 1.0"", ""not_keyPerson('Andrew_Witty', 'GlaxoSmithKline') 1.0"", ""not_keyPerson('GlaxoSmithKline', 'Andrew_Witty') 1.0"", ""not_keyPerson('GlaxoSmithKline', 'Sir_Andrew_Witty') 1.0""]"
140,"['Sirius_Satellite_Radio', 'Mel_Karmazin']","[""keyPerson('Sirius_Satellite_Radio', 'Mel_Karmazin') 1.0""]","[""not_keyPerson('Sirius_Satellite_Radio', 'Mel_Karmazin') 1.0""]"
43,"['Dell', 'Michael_Dell']","[""keyPerson('Michael_Dell', 'Susan Lynn Lieberman') 1.0"", ""keyPerson('Limited_liability_company', 'Michael_Dell') 1.0"", ""keyPerson('Smartphone', 'Michael_Dell') 1.0"", ""keyPerson('Glenn_Hutchins', 'Michael_Dell') 1.0"", ""keyPerson('Peripheral', 'Michael_Dell') 1.0"", ""keyPerson('Michael_Dell__1', 'Silver_Lake_Partners') 1.0"", ""keyPerson('Computer_network', 'Michael_Dell') 1.0"", ""keyPerson('Personal_computers', 'Michael_Dell') 1.0"", ""keyPerson('Michael_Dell', 'Glenn_Hutchins') 1.0"", ""keyPerson('Michael_Dell', 'Silver_Lake_Partners') 1.0"", ""keyPerson('City', 'Michael_Dell') 1.0"", ""keyPerson('Growth_capital', 'Michael_Dell') 1.0"", ""keyPerson('Pivotal_Software', 'Michael_Dell') 1.0"", ""keyPerson('Computer_software', 'Michael_Dell') 1.0"", ""keyPerson('VMware', 'Michael_Dell') 1.0"", ""keyPerson('Dell_Technologies', 'Michael_Dell') 1.0"", ""keyPerson('Server_(computing)', 'Michael_Dell') 1.0"", ""keyPerson('Michael_Dell__1', 'Dell') 1.0"", ""keyPerson('Michael_Dell__1', 'Susan Lynn Lieberman') 1.0"", ""keyPerson('Michael_Dell__1', 'Roger_McNamee') 1.0"", ""keyPerson('Michael_Dell', 'Michael_Dell') 1.0"", ""keyPerson('Privately_held_company', 'Michael_Dell') 1.0"", ""keyPerson('Silver_Lake_Partners', 'Michael_Dell') 1.0"", ""keyPerson('Michael_Dell', 'Dell') 1.0"", ""keyPerson('Dell_EMC_Services', 'Michael_Dell') 1.0"", ""keyPerson('Leveraged_buyout', 'Michael_Dell') 1.0"", ""keyPerson('City_(United_States)', 'Michael_Dell') 1.0"", ""keyPerson('Michael_Dell', 'Roger_McNamee') 1.0"", ""keyPerson('Michael_Dell__1', 'Dell_Technologies') 1.0"", ""keyPerson('Michael_Dell__1', 'Michael_Dell') 1.0"", ""keyPerson('Space-grant_university', 'Michael_Dell') 1.0"", ""keyPerson('Private_Company', 'Michael_Dell') 1.0"", ""keyPerson('Dell_Client_Solutions_Group', 'Michael_Dell') 1.0"", ""keyPerson('Michael_Dell__1', 'Glenn_Hutchins') 1.0"", ""keyPerson('Dell_EMC_Infrastructure_Solutions_Group', 'Michael_Dell') 1.0"", ""keyPerson('Dell', 'Michael_Dell') 1.0"", ""keyPerson('Michael_Dell', 'Dell_Technologies') 1.0"", ""keyPerson('Flagship_campus', 'Michael_Dell') 1.0"", ""keyPerson('SecureWorks', 'Michael_Dell') 1.0"", ""keyPerson('Roger_McNamee', 'Michael_Dell') 1.0""]","[""not_keyPerson('Smartphone', 'Michael_Dell') 1.0"", ""not_keyPerson('Glenn_Hutchins', 'Michael_Dell') 1.0"", ""not_keyPerson('Peripheral', 'Michael_Dell') 1.0"", ""not_keyPerson('Dell_EMC_Services', 'Michael_Dell') 1.0"", ""not_keyPerson('Michael_Dell__1', 'Silver_Lake_Partners') 1.0"", ""not_keyPerson('Computer_network', 'Michael_Dell') 1.0"", ""not_keyPerson('Personal_computers', 'Michael_Dell') 1.0"", ""not_keyPerson('Leveraged_buyout', 'Michael_Dell') 1.0"", ""not_keyPerson('Limited_liability_company', 'Michael_Dell') 1.0"", ""not_keyPerson('Computer_software', 'Michael_Dell') 1.0"", ""not_keyPerson('Association_of_American_Universities', 'Michael_Dell') 1.0"", ""not_keyPerson('Michael_Dell', 'Glenn_Hutchins') 1.0"", ""not_keyPerson('City_(United_States)', 'Michael_Dell') 1.0"", ""not_keyPerson('Michael_Dell', 'Silver_Lake_Partners') 1.0"", ""not_keyPerson('City', 'Michael_Dell') 1.0"", ""not_keyPerson('Growth_capital', 'Michael_Dell') 1.0"", ""not_keyPerson('Pivotal_Software', 'Michael_Dell') 1.0"", ""not_keyPerson('Oak_Ridge_Associated_Universities', 'Michael_Dell') 1.0"", ""not_keyPerson('Susan Lynn Lieberman', 'Michael_Dell') 1.0"", ""not_keyPerson('Server_(computing)', 'Michael_Dell') 1.0"", ""not_keyPerson('Dell_EMC_Infrastructure_Solutions_Group', 'Michael_Dell') 1.0"", ""not_keyPerson('VMware', 'Michael_Dell') 1.0"", ""not_keyPerson('Dell_Technologies', 'Michael_Dell') 1.0"", ""not_keyPerson('University_of_Texas_System', 'Michael_Dell') 1.0"", ""not_keyPerson('Association_of_Public_and_Land-Grant_Universities', 'Michael_Dell') 1.0"", ""not_keyPerson('Michael_Dell__1', 'Dell') 1.0"", ""not_keyPerson('Michael_Dell__1', 'Susan Lynn Lieberman') 1.0"", ""not_keyPerson('Michael_Dell__1', 'Roger_McNamee') 1.0"", ""not_keyPerson('Privately_held_company', 'Michael_Dell') 1.0"", ""not_keyPerson('Michael_Dell', 'Dell') 1.0"", ""not_keyPerson('Michael_Dell', 'Roger_McNamee') 1.0"", ""not_keyPerson('Michael_Dell__1', 'Dell_Technologies') 1.0"", ""not_keyPerson('Universities_Research_Association', 'Michael_Dell') 1.0"", ""not_keyPerson('Michael_Dell', 'Michael_Dell') 1.0"", ""not_keyPerson('Michael_Dell__1', 'Michael_Dell') 1.0"", ""not_keyPerson('Michael_Dell', 'Dell_Technologies') 1.0"", ""not_keyPerson('Space-grant_university', 'Michael_Dell') 1.0"", ""not_keyPerson('Michael_Dell', 'Susan Lynn Lieberman') 1.0"", ""not_keyPerson('Dell_Client_Solutions_Group', 'Michael_Dell') 1.0"", ""not_keyPerson('Michael_Dell__1', 'Glenn_Hutchins') 1.0"", ""not_keyPerson('Silver_Lake_Partners', 'Michael_Dell') 1.0"", ""not_keyPerson('Dell', 'Michael_Dell') 1.0"", ""not_keyPerson('Private_Company', 'Michael_Dell') 1.0"", ""not_keyPerson('Southeastern_Universities_Research_Association', 'Michael_Dell') 1.0"", ""not_keyPerson('Flagship_campus', 'Michael_Dell') 1.0"", ""not_keyPerson('SecureWorks', 'Michael_Dell') 1.0"", ""not_keyPerson('Roger_McNamee', 'Michael_Dell') 1.0""]"
142,"['SoftBank', 'Masayoshi_Son']","[""keyPerson('SoftBank', 'Masayoshi_Son') 1.0""]","[""not_keyPerson('SoftBank', 'Masayoshi_Son') 1.0""]"
143,"['Sonic_Drive-In', 'J._Clifford_Hudson']","[""keyPerson('Sonic_Drive-In', 'J._Clifford_Hudson') 1.0""]","[""not_keyPerson('Sonic_Drive-In', 'J._Clifford_Hudson') 1.0""]"
144,"['Sony', 'Kazuo_Hirai']","[""keyPerson('Sony', 'Kazuo_Hirai') 1.0"", ""keyPerson('Sony_Corporation_shareholders_and_subsidiaries', 'Kazuo_Hirai') 1.0""]","[""not_keyPerson('Sony', 'Kazuo_Hirai') 1.0"", ""not_keyPerson('Sony_Corporation_shareholders_and_subsidiaries', 'Kazuo_Hirai') 1.0""]"
146,"['Starbucks', 'Howard_Schultz']","[""keyPerson('Starbucks', 'Howard_Schultz') 1.0""]","[""not_keyPerson('Starbucks', 'Howard_Schultz') 1.0""]"
147,"['Statoil', 'Helge_Lund']","[""keyPerson('Statoil', 'Helge_Lund') 1.0""]","[""not_keyPerson('Statoil', 'Helge_Lund') 1.0""]"
153,"['Sulekha', 'Satya_Prabhakar']","[""keyPerson('Sulekha', 'Satya_Prabhakar') 1.0""]","[""not_keyPerson('Sulekha', 'Satya_Prabhakar') 1.0""]"
148,"['Sun_Hung_Kai_Properties', 'Walter_Kwok']","[""keyPerson('Sun_Hung_Kai_Properties', 'Walter_Kwok') 1.0""]","[""not_keyPerson('Sun_Hung_Kai_Properties', 'Walter_Kwok') 1.0""]"
149,"['Sun_Microsystems', 'Jonathan_I._Schwartz']","[""keyPerson('Sun_Microsystems', 'Jonathan_I._Schwartz') 1.0""]","[""not_keyPerson('Sun_Microsystems', 'Jonathan_I._Schwartz') 1.0""]"
150,"['Sun_Pharmaceutical', 'Dilip_Shanghvi']","[""keyPerson('Sun_Pharmaceuticals', 'Dilip_Shanghvi') 1.0"", ""keyPerson('Sun_Pharmaceutical', 'Dilip_Shanghvi') 1.0""]","[""not_keyPerson('Sun_Pharmaceuticals', 'Dilip_Shanghvi') 1.0"", ""not_keyPerson('Sun_Pharmaceutical', 'Dilip_Shanghvi') 1.0""]"
151,"['SunTrust_Banks', 'James_M._Wells,_III']","[""keyPerson('SunTrust_Banks', 'James_M._Wells,_III') 1.0""]","[""not_keyPerson('SunTrust_Banks', 'James_M._Wells,_III') 1.0""]"
152,"['SuperValu_(United_States)', 'Jeff_Noddle']","[""keyPerson('SuperValu_(United_States)', 'Jeff_Noddle') 1.0""]","[""not_keyPerson('SuperValu_(United_States)', 'Jeff_Noddle') 1.0""]"
154,"['Syntel', 'Bharat_Desai']","[""keyPerson('Syntel', 'Bharat_Desai') 1.0""]","[""not_keyPerson('Syntel', 'Bharat_Desai') 1.0""]"
155,"['Target_Corporation', 'Gregg_Steinhafel']","[""keyPerson('Target_Corporation', 'Gregg_Steinhafel') 1.0""]","[""not_keyPerson('Target_Corporation', 'Gregg_Steinhafel') 1.0""]"
156,"['Tata_Consultancy_Services', 'Natarajan_Chandrasekaran']","[""keyPerson('Tata_Consultancy_Services', 'Natarajan_Chandrasekaran') 1.0""]","[""not_keyPerson('Tata_Consultancy_Services', 'Natarajan_Chandrasekaran') 1.0""]"
158,"['Telmex', 'Carlos_Slim']","[""keyPerson('Telmex', 'Carlos_Slim') 1.0"", ""keyPerson('Telmex', 'Carlos_Slim_Domit') 1.0""]","[""not_keyPerson('Telmex', 'Carlos_Slim') 1.0"", ""not_keyPerson('Telmex', 'Carlos_Slim_Domit') 1.0""]"
159,"['Telstra', 'David_Thodey']","[""keyPerson('Telstra', 'David_Thodey') 1.0"", ""keyPerson('Telstra_Corporate_Centre', 'David_Thodey') 1.0""]","[""not_keyPerson('Telstra_Corporate_Centre', 'David_Thodey') 1.0"", ""not_keyPerson('Telstra', 'David_Thodey') 1.0""]"
161,"['Tesco', 'Philip_Clarke_(businessman)']","[""keyPerson('Tesco', 'Philip_Clarke_(businessman)') 1.0"", ""keyPerson('Tesco_Bank', 'Philip_Clarke_(businessman)') 1.0"", ""keyPerson('Tesco_Ireland', 'Philip_Clarke_(businessman)') 1.0"", ""keyPerson('Tesco_Kipa', 'Philip_Clarke_(businessman)') 1.0"", ""keyPerson('Tesco_Mobile', 'Philip_Clarke_(businessman)') 1.0""]","[""not_keyPerson('Tesco', 'Philip_Clarke_(businessman)') 1.0"", ""not_keyPerson('Tesco_Kipa', 'Philip_Clarke_(businessman)') 1.0"", ""not_keyPerson('Tesco_Ireland', 'Philip_Clarke_(businessman)') 1.0"", ""not_keyPerson('Tesco_Bank', 'Philip_Clarke_(businessman)') 1.0"", ""not_keyPerson('Tesco_Mobile', 'Philip_Clarke_(businessman)') 1.0""]"
24,"['The_Blackstone_Group', 'Stephen_A._Schwarzman']","[""keyPerson('The_Blackstone_Group', 'Stephen_A._Schwarzman') 1.0""]","[""not_keyPerson('The_Blackstone_Group', 'Stephen_A._Schwarzman') 1.0""]"
167,"['The_Siegel_Group', 'Steve_Siegel']","[""keyPerson('The_Siegel_Group', 'Steve_Siegel') 1.0""]","[""not_keyPerson('The_Siegel_Group', 'Steve_Siegel') 1.0""]"
169,"['The_Trump_Organization', 'Donald_Trump']","[""keyPerson('The_Trump_Organization', 'Donald_Trump') 1.0"", ""keyPerson('The_Trump_Organization', 'Donald_Trump_Jr.') 1.0""]","[""not_keyPerson('The_Trump_Organization', 'Donald_Trump') 1.0"", ""not_keyPerson('The_Trump_Organization', 'Donald_Trump_Jr.') 1.0""]"
188,"['The_Walt_Disney_Company', 'Bob_Iger']","[""keyPerson('Bob_Iger', 'The_Walt_Disney_Company') 1.0"", ""keyPerson('The_Walt_Disney_Company', 'Bob_Iger') 1.0"", ""keyPerson('Bob_Iger__1', 'The_Walt_Disney_Company') 1.0""]","[""not_keyPerson('The_Walt_Disney_Company', 'Bob_Iger') 1.0"", ""not_keyPerson('Bob_Iger__1', 'The_Walt_Disney_Company') 1.0"", ""not_keyPerson('Bob_Iger', 'The_Walt_Disney_Company') 1.0""]"
170,"['Toyota', 'Hiroshi_Okuda']","[""keyPerson('Toyota_Industries', 'Hiroshi_Okuda') 1.0"", ""keyPerson('Toyota', 'Hiroshi_Okuda') 1.0"", ""keyPerson('Toyota_Group', 'Hiroshi_Okuda') 1.0"", ""keyPerson('Toyota_Racing_Development', 'Hiroshi_Okuda') 1.0"", ""keyPerson('Toyota_Motor_Corporation', 'Hiroshi_Okuda') 1.0""]","[""not_keyPerson('Toyota_Racing_Development', 'Hiroshi_Okuda') 1.0"", ""not_keyPerson('Hiroshi_Okuda', 'Toyota') 1.0"", ""not_keyPerson('Toyota_Group', 'Hiroshi_Okuda') 1.0"", ""not_keyPerson('Toyota_Industries', 'Hiroshi_Okuda') 1.0"", ""not_keyPerson('Hiroshi_Okuda', 'Toyota_Industries') 1.0"", ""not_keyPerson('Toyota_Motor_Corporation', 'Hiroshi_Okuda') 1.0"", ""not_keyPerson('Toyota', 'Hiroshi_Okuda') 1.0""]"
171,"['Toys_for_Bob', 'Paul_Reiche_III']","[""keyPerson('Toys_for_Bob', 'Paul_Reiche_III') 1.0""]","[""not_keyPerson('Toys_for_Bob', 'Paul_Reiche_III') 1.0""]"
166,"['Tracinda', 'Kirk_Kerkorian']","[""keyPerson('Tracinda', 'Kirk_Kerkorian') 1.0""]","[""not_keyPerson('Tracinda', 'Kirk_Kerkorian') 1.0""]"
174,"['Twitter', 'Dick_Costolo']","[""keyPerson('Twitter', 'Dick_Costolo') 1.0""]","[""not_keyPerson('Twitter', 'Dick_Costolo') 1.0""]"
180,"['U.S._Steel', 'John_P._Surma']","[""keyPerson('U.S._Steel_Tower', 'John_P._Surma') 1.0"", ""keyPerson('U.S._Steel', 'John_P._Surma') 1.0""]","[""not_keyPerson('U.S._Steel', 'John_P._Surma') 1.0"", ""not_keyPerson('U.S._Steel_Tower', 'John_P._Surma') 1.0""]"
176,"['UBS', 'Sergio_Ermotti']","[""keyPerson('UBS', 'Sergio_Ermotti') 1.0""]","[""not_keyPerson('UBS', 'Sergio_Ermotti') 1.0"", ""not_keyPerson('Sergio_Ermotti', 'UBS') 1.0""]"
182,"['Verizon_Communications', 'Lowell_McAdam']","[""keyPerson('Verizon_Communications', 'Lowell_McAdam') 1.0"", ""keyPerson('Lowell_McAdam__1', 'Verizon_Communications') 1.0""]","[""not_keyPerson('Verizon_Communications', 'Lowell_McAdam') 1.0"", ""not_keyPerson('Lowell_McAdam__1', 'Verizon_Communications') 1.0"", ""not_keyPerson('Lowell_McAdam', 'Verizon_Communications') 1.0""]"
183,"['Viacom', 'Philippe_Dauman']","[""keyPerson('Viacom_International', 'Philippe_Dauman') 1.0"", ""keyPerson('Viacom_International_Media_Networks', 'Philippe_Dauman') 1.0"", ""keyPerson('Viacom_Media_Networks', 'Philippe_Dauman') 1.0"", ""keyPerson('Philippe_Dauman__1', 'Viacom') 1.0"", ""keyPerson('Philippe_Dauman__1', 'Viacom_(original)') 1.0"", ""keyPerson('Viacom_18', 'Philippe_Dauman') 1.0"", ""keyPerson('Viacom', 'Philippe_Dauman') 1.0"", ""keyPerson('Viacom_(original)', 'Philippe_Dauman') 1.0""]","[""not_keyPerson('Viacom_International', 'Philippe_Dauman') 1.0"", ""not_keyPerson('Viacom_International_Media_Networks', 'Philippe_Dauman') 1.0"", ""not_keyPerson('Philippe_Dauman', 'Viacom') 1.0"", ""not_keyPerson('Philippe_Dauman', 'Viacom_(original)') 1.0"", ""not_keyPerson('Viacom_Media_Networks', 'Philippe_Dauman') 1.0"", ""not_keyPerson('Philippe_Dauman__1', 'Viacom') 1.0"", ""not_keyPerson('Philippe_Dauman__1', 'Viacom_(original)') 1.0"", ""not_keyPerson('Viacom_(original)', 'Philippe_Dauman') 1.0"", ""not_keyPerson('Viacom_18', 'Philippe_Dauman') 1.0"", ""not_keyPerson('Viacom', 'Philippe_Dauman') 1.0""]"
184,"['Viking_Range', 'Fred_Carl,_Jr.']","[""keyPerson('Viking_Range', 'Fred_Carl,_Jr.') 1.0""]","[""not_keyPerson('Viking_Range', 'Fred_Carl,_Jr.') 1.0""]"
185,"['Vodafone', 'Vittorio_Colao']","[""keyPerson('Vodafone', 'Vittorio_Colao') 1.0"", ""keyPerson('Vodafone_Global_Enterprise', 'Vittorio_Colao') 1.0"", ""keyPerson('Vodafone_Automotive', 'Vittorio_Colao') 1.0""]","[""not_keyPerson('Vodafone', 'Vittorio_Colao') 1.0"", ""not_keyPerson('Vittorio_Colao', 'Vodafone') 1.0"", ""not_keyPerson('Vodafone_Global_Enterprise', 'Vittorio_Colao') 1.0"", ""not_keyPerson('Vodafone_Automotive', 'Vittorio_Colao') 1.0""]"
186,"['Volkswagen', 'Martin_Winterkorn']","[""keyPerson('Volkswagen_Group', 'Martin_Winterkorn') 1.0"", ""keyPerson('Volkswagen_AG', 'Martin_Winterkorn') 1.0"", ""keyPerson('Volkswagen_Commercial_Vehicles', 'Martin_Winterkorn') 1.0"", ""keyPerson('Volkswagen', 'Martin_Winterkorn') 1.0""]","[""not_keyPerson('Volkswagen_AG', 'Martin_Winterkorn') 1.0"", ""not_keyPerson('Volkswagen_Group', 'Martin_Winterkorn') 1.0"", ""not_keyPerson('Volkswagen_Commercial_Vehicles', 'Martin_Winterkorn') 1.0"", ""not_keyPerson('Volkswagen', 'Martin_Winterkorn') 1.0""]"
187,"['Vulcan_Inc.', 'Paul_Allen']","[""keyPerson('Vulcan_Inc.', 'Paul_Allen') 1.0""]","[""not_keyPerson('Vulcan_Inc.', 'Paul_Allen') 1.0""]"
190,"['Walmart', 'Mike_Duke']","[""keyPerson('Walmart', 'Mike_Duke') 1.0""]","[""not_keyPerson('Walmart', 'Mike_Duke') 1.0""]"
193,"['Wells_Fargo', 'John_Stumpf']","[""keyPerson('Wells_Fargo', 'John_Stumpf') 1.0"", ""keyPerson('Wells_Fargo_Rail', 'John_Stumpf') 1.0"", ""keyPerson('John_Stumpf', 'Wells_Fargo') 1.0"", ""keyPerson('John_Stumpf', 'Wells_Fargo_Rail') 1.0""]","[""not_keyPerson('Wells_Fargo', 'John_Stumpf') 1.0"", ""not_keyPerson('Wells_Fargo_Rail', 'John_Stumpf') 1.0"", ""not_keyPerson('John_Stumpf', 'Wells_Fargo') 1.0"", ""not_keyPerson('John_Stumpf', 'Wells_Fargo_Rail') 1.0""]"
194,"['Whole_Foods_Market', 'John_Mackey_(businessman)']","[""keyPerson('Whole_Foods_Market', 'John_Mackey_(businessman)') 1.0""]","[""not_keyPerson('Whole_Foods_Market', 'John_Mackey_(businessman)') 1.0""]"
196,"['Winn-Dixie', 'Peter_Lynch']","[""keyPerson('Winn-Dixie', 'Peter_Lynch') 1.0""]","[""not_keyPerson('Winn-Dixie', 'Peter_Lynch') 1.0""]"
197,"['Wipro', 'T_K_Kurien']","[""keyPerson('Wipro', 'T_K_Kurien') 1.0""]","[""not_keyPerson('Wipro', 'T_K_Kurien') 1.0""]"
198,"['WWE', 'Vince_McMahon']","[""keyPerson('Vince_McMahon,_Sr.', 'WWE') 1.0"", ""keyPerson('WWE', 'Vince_McMahon,_Sr.') 1.0"", ""keyPerson('WWE', 'Vince_McMahon_Sr.') 1.0"", ""keyPerson('Vince_McMahon_Sr.__1', 'WWE') 1.0"", ""keyPerson('Vince_McMahon__1', 'WWE') 1.0"", ""keyPerson('WWE', 'Vince_McMahon') 1.0""]","[""not_keyPerson('WWE', 'Vince_McMahon') 1.0"", ""not_keyPerson('WWE', 'Vince_McMahon_Sr.') 1.0"", ""not_keyPerson('Vince_McMahon_Sr.', 'WWE') 1.0"", ""not_keyPerson('WWE', 'Vince_McMahon,_Sr.') 1.0"", ""not_keyPerson('Vince_McMahon,_Sr.', 'WWE') 1.0"", ""not_keyPerson('Vince_McMahon', 'WWE') 1.0"", ""not_keyPerson('Vince_McMahon_Sr.__1', 'WWE') 1.0"", ""not_keyPerson('Vince_McMahon__1', 'WWE') 1.0""]"
199,"['Yahoo!', 'Marissa_Mayer']","[""keyPerson('List_of_Yahoo!-owned_sites_and_services', 'Marissa_Mayer') 1.0"", ""keyPerson('Yahoo!_Messenger', 'Marissa_Mayer') 1.0"", ""keyPerson('Yahoo!_Answers', 'Marissa_Mayer') 1.0"", ""keyPerson('List_of_acquisitions_by_Yahoo!', 'Marissa_Mayer') 1.0"", ""keyPerson('Yahoo!_Search', 'Marissa_Mayer') 1.0"", ""keyPerson('Yahoo!_Mail', 'Marissa_Mayer') 1.0"", ""keyPerson('Yahoo!_News', 'Marissa_Mayer') 1.0"", ""keyPerson('Yahoo!_Sports', 'Marissa_Mayer') 1.0"", ""keyPerson('Yahoo!', 'Marissa_Mayer') 1.0"", ""keyPerson('Yahoo!_Finance', 'Marissa_Mayer') 1.0""]","[""not_keyPerson('Yahoo!_Sports', 'Marissa_Mayer') 1.0"", ""not_keyPerson('Yahoo!_Messenger', 'Marissa_Mayer') 1.0"", ""not_keyPerson('Yahoo!_Mail', 'Marissa_Mayer') 1.0"", ""not_keyPerson('Yahoo!_Answers', 'Marissa_Mayer') 1.0"", ""not_keyPerson('Yahoo!', 'Marissa_Mayer') 1.0"", ""not_keyPerson('Yahoo!_News', 'Marissa_Mayer') 1.0"", ""not_keyPerson('Yahoo!_Finance', 'Marissa_Mayer') 1.0"", ""not_keyPerson('Yahoo!_Search', 'Marissa_Mayer') 1.0"", ""not_keyPerson('List_of_Yahoo!-owned_sites_and_services', 'Marissa_Mayer') 1.0"", ""not_keyPerson('List_of_acquisitions_by_Yahoo!', 'Marissa_Mayer') 1.0""]"
200,"['YG_Entertainment', 'Yang_Hyun-suk']","[""keyPerson('YG_Entertainment', 'Yang_Hyun-suk') 1.0""]","[""not_keyPerson('YG_Entertainment', 'Yang_Hyun-suk') 1.0""]"
201,"['Yum!_Brands', 'David_C._Novak']","[""keyPerson('Yum!_Brands', 'David_C._Novak') 1.0""]","[""not_keyPerson('Yum!_Brands', 'David_C._Novak') 1.0""]"
4,"['Adobe_Systems', 'Shantanu_Narayen']",[],[]
5,"['Agenus', 'Garo_H._Armen']",[],[]
18,"['Banco_Bilbao_Vizcaya_Argentaria', 'Francisco_Gonz\xc3\xa1lez_(banker)']",[],[]
33,"['Cavium', 'Syed_B._Ali']",[],[]
44,"['Deutsche_Bank', 'Juergen_Fitschen']",[],[]
52,"['Electronic_Arts', 'Andrew_Wilson_(businessman)']",[],[]
63,"['Gerdau', 'Andr\xc3\xa9_Bier_Gerdau_Johannpeter']",[],[]
78,"['IKEA', 'Mikael_Ohlsson']",[],[]
81,"['InterCall', 'Scott_Etzler']",[],[]
82,"['J.Crew', 'Mickey_Drexler']",[],[]
83,"['Juniper_Networks', 'Kevin_Johnson_(executive)']",[],[]
106,"['Nike,_Inc.', 'Mark_Parker']",[],[]
118,"['Popular,_Inc.', 'Richard_Carri\xc3\xb3n']",[],[]
119,"['Prudential_Financial', 'John_Strangfeld']",[],[]
128,"['The_Royal_Bank_of_Scotland', 'Ross_McEwan']",[],[]
130,"['Saab_Automobile', 'Jan-\xc3\x85ke_Jonsson']",[],[]
131,"['SandRidge_Energy', 'Tom_L._Ward']",[],[]
136,"['Scottrade', 'Rodger_O._Riney']",[],[]
138,"['Simon_Property_Group', 'David_Simon_(CEO)']",[],[]
139,"['Singtel', 'Chua_Sock_Koong']",[],[]
141,"['Sleep_Country_Canada', 'Stephen_K._Gunn']",[],[]
145,"['Sony_Computer_Entertainment', 'Andrew_House']",[],[]
162,"['Tim_Hortons', 'Paul_D._House']",[],[]
164,"[""Tod's"", 'Diego_Della_Valle']",[],[]
165,"['TJX_Companies', 'Carol_Meyrowitz']",[],[]
172,"['TradeKing', 'Donato_A._Montanaro']",[],[]
173,"['Turner_Broadcasting_System', 'Philip_I._Kent']",[],[]
175,"['UAL_Corporation', 'Glenn_Tilton']",[],[]
177,"['U.S._Century_Bank', 'Octavio_Hern\xc3\xa1ndez']",[],[]
178,"['United_Parcel_Service', 'Scott_Davis_(businessman)']",[],[]
179,"['UGI_Corporation', 'Lon_R._Greenberg']",[],[]
181,"['Valero_Energy', 'William_R._Klesse']",[],[]
189,"['Walgreens', 'Gregory_Wasson']",[],[]
191,"['Warner_Bros.', 'Barry_Meyer']",[],[]
195,"['Williams-Sonoma', 'Laura_J._Alber']",[],[]
